protein_id	X14d.1	X14d.2	X14d.3	X21d.2	X21d.3	X21d.4	X28d.1	X28d.2	X28d.3
WP_003525578.1	397.355347	395.999176	403.662781	293.380798	285.841919	320.95575	382.858826	360.93866	333.545166
WP_003525631.1	250.262085	243.734528	227.640823	194.478317	167.155716	203.791428	161.885315	170.290665	164.160873
WP_003525901.1	72.408318	73.611038	69.540215	53.153244	50.996296	64.699394	49.899117	65.355278	50.747425
WP_003526223.1	257.906891	297.447021	277.720428	292.450714	283.632538	288.533691	589.191223	561.893005	573.602539
WP_003527124.1	936.590271	904.267273	873.132507	859.175354	820.659363	826.99884	809.81781	851.251648	841.888428
WP_003527142.1	25.892788	28.245939	30.339422	64.113297	41.442604	46.646473	103.238403	88.582642	65.282799
WP_003527204.1	61.134369	64.912064	56.187336	49.251118	61.728348	42.425785	58.737141	78.037117	70.069267
WP_003527304.1	4605.264648	4603.369629	4584.45166	4927.972168	4888.590332	5270.84668	5016.36377	4963.272461	4984.106934
WP_003527318.1	51.883347	40.732857	40.694607	48.727398	61.770161	37.441525	50.223492	25.32692	37.965256
WP_003527360.1	14.473028	8.009602	16.501633	4.463608	14.008436	6.562428	10.661828	19.635233	19.390795
WP_003527365.1	10.288479	12.923448	7.391605	9.435905	7.601562	11.271073	17.492744	12.418919	14.949275
WP_003527415.1	50.176338	39.966248	45.633781	43.197929	61.673683	91.333183	52.124859	52.106617	50.254124
WP_003527577.1	15.544181	11.757101	13.669312	13.040737	13.290552	12.678694	15.055051	21.841507	22.469603
WP_003527588.1	22.778067	27.567776	24.971096	27.730358	22.099615	31.14855	48.934643	48.611221	57.047115
WP_003527719.1	342.556946	345.33783	282.779877	315.70163	290.921265	314.823273	348.370422	305.462311	368.730011
WP_003527931.1	87.732758	114.181129	126.894562	72.028473	75.9963	88.917839	75.278336	92.742378	100.829193
WP_003528049.1	307.432281	297.564056	321.919159	455.967529	488.114258	473.773315	361.140686	388.872864	376.272003
WP_003528236.1	153.597931	131.30899	140.135818	122.808006	139.874313	144.956543	167.409424	146.550125	135.801758
WP_003528572.1	35.209248	28.887218	25.511593	24.507273	21.428022	23.867729	35.482704	24.815359	33.99485
WP_003528667.1	6.210853	5.058099	5.858124	6.849306	4.958122	12.092089	7.168726	5.114846	7.012691
WP_003528900.1	154.529404	187.825836	149.741531	158.359848	142.507141	143.239212	132.960754	137.557663	134.326019
WP_003529108.1	286.85083	269.716522	320.83963	347.992767	348.834625	346.525574	360.947479	317.88446	296.616577
WP_003529156.1	63.713436	69.648216	55.646832	67.796227	58.948742	66.976593	67.209236	44.574448	59.813622
WP_003529163.1	37.508236	33.325115	38.262558	33.310627	23.337893	32.292728	47.573978	37.340916	29.3962
WP_003529193.1	108.978233	95.272888	114.74984	85.452271	67.118057	73.46212	102.301018	126.057999	90.783852
WP_003529250.1	16.63398	12.612789	8.140005	6.777109	21.147451	10.888973	20.566408	11.284497	8.312961
WP_003529261.1	72.254059	82.726273	94.628609	66.95002	79.960823	85.6744	107.657921	108.361954	91.510529
WP_003529293.1	122.313965	132.02739	93.921486	116.39901	105.163124	129.48764	121.774101	121.381859	117.442513
WP_003529302.1	818.987732	934.058594	893.633606	2228.595215	2325.116699	2400.552246	2326.076172	2402.469482	2340.968018
WP_003529314.1	106.468552	119.266273	125.018005	101.649033	101.269485	98.419075	159.343918	160.445969	170.629501
WP_003529436.1	97.175102	99.951332	90.232452	71.970352	67.817863	66.19976	59.035686	62.816299	72.393959
WP_003529619.1	2214.017334	2417.035889	2109.73999	2753.854492	2597.785156	2655.05249	2215.064697	1943.724243	2124.49707
WP_003529654.1	104.972763	107.300598	97.284218	124.553802	136.267471	126.995552	103.866013	141.280441	114.39888
WP_003529687.1	37.485859	43.807487	35.281662	35.660267	31.747896	45.724739	39.659439	43.887032	40.726528
WP_003529690.1	825.098999	884.576904	836.212158	921.360779	955.979614	854.334351	652.24884	690.9245	667.379944
WP_003529696.1	76.39373	81.990036	78.610748	57.94841	64.636482	72.973045	70.157028	88.450722	83.23037
WP_003529782.1	144.29686	142.216843	99.063919	97.486755	77.199402	80.677841	153.09845	219.686859	197.325012
WP_003529787.1	146.437378	127.22319	136.305923	117.998856	127.056915	148.309479	139.615646	138.527954	155.535858
WP_003529888.1	47.716087	51.5741	42.271587	22.400309	26.853039	33.784218	24.945824	30.721197	20.84449
WP_003529892.1	25.086189	26.021849	30.088877	8.851018	9.491214	9.31409	13.102541	13.866107	14.859762
WP_003529999.1	146.450577	145.565445	143.962494	120.28495	129.145645	126.12886	136.692642	126.989159	112.973816
WP_003530025.1	256.57132	290.79071	245.165466	219.139374	200.441391	249.140915	231.998489	210.182648	202.834808
WP_003530039.1	50.37981	61.488155	55.204723	55.936783	60.812485	71.566971	57.201084	39.457962	31.339252
WP_003530069.1	42.413242	60.966232	35.255619	25.277069	34.499054	20.437988	41.317997	30.080814	37.647076
WP_003530108.1	94.968742	104.176758	91.305565	85.409691	76.046761	75.366203	69.300774	52.240284	80.988571
WP_003530238.1	41.755489	34.461159	39.231579	32.92202	36.779751	40.36985	38.935863	40.130253	44.616833
WP_003530248.1	18.986509	16.782257	15.49773	18.322235	14.891876	13.325364	29.370937	42.703094	19.526447
WP_003530325.1	79.760918	82.930496	94.912834	40.495235	43.615108	49.52581	62.161777	62.941879	75.911049
WP_003530526.1	59.7174	45.46582	58.027805	55.571671	52.746185	54.25668	43.527733	36.457581	36.866718
WP_003530542.1	91.348251	95.78199	111.709557	74.468506	70.238655	80.637207	104.252403	124.31781	115.647568
WP_003530569.1	37.029408	59.954109	39.454304	28.776995	24.7458	37.56337	67.820961	59.867794	69.219711
WP_003530649.1	34.599648	26.127621	22.301907	30.141623	30.488432	38.939888	43.880543	39.549175	38.701679
WP_003530686.1	119.868118	91.120628	96.113174	118.532928	82.13887	103.128929	98.48951	133.949997	81.735329
WP_003530975.1	219.148117	243.141693	200.65332	156.76416	158.824738	146.699005	194.737503	253.839188	202.913483
WP_003530979.1	40.378754	52.743458	56.410992	57.724445	63.20668	48.372898	33.524174	32.52388	25.685698
WP_003530983.1	26.997316	32.472576	26.828213	26.70821	28.076372	26.840532	29.133932	25.27833	35.098343
WP_003530985.1	119.500214	150.219177	133.501251	158.757935	146.287552	193.07782	125.775284	125.286545	137.308472
WP_003531042.1	162.768967	211.647141	182.067139	178.086502	184.300079	164.667252	161.78978	154.457275	131.503998
WP_003531050.1	58.494167	59.932781	55.005245	60.877007	64.306587	61.256073	97.065926	92.611595	72.918091
WP_003531074.1	260.085663	308.364441	334.158203	224.237091	256.832611	216.647858	348.269135	324.473541	356.244659
WP_003531186.1	74.28138	58.097157	58.603291	37.57679	45.260956	43.730713	45.437828	56.892685	55.901493
WP_003531244.1	729.671204	763.910889	711.233032	595.051208	610.479431	615.087708	757.777466	772.741333	748.457397
WP_003531401.1	14.126133	15.212098	21.953066	18.997286	12.537821	13.976779	28.833918	22.206293	21.003695
WP_003531511.1	91.58799	81.153214	89.137566	66.60157	56.757061	58.884029	131.358566	163.698227	149.508377
WP_003531560.1	20.136683	12.222692	19.524719	13.205548	15.753198	13.748302	10.356384	13.019955	14.931724
WP_003531605.1	61.734844	54.631119	42.731468	43.16132	43.090611	45.996597	41.90929	47.547585	38.077015
WP_003531607.1	140.073685	124.019836	127.073135	96.993698	111.566002	137.507172	287.246979	285.03595	307.026337
WP_003531615.1	347.279205	356.529846	313.903351	284.555908	253.276001	277.047485	185.174881	185.837357	205.640625
WP_003531653.1	95.050087	93.857918	98.803146	73.843491	57.607895	79.708801	87.301773	76.841331	81.373756
WP_003531916.1	83.220421	65.79866	76.64373	83.726303	57.05769	71.743111	94.857056	98.453056	94.232315
WP_003531957.1	77.071785	78.676857	63.477196	80.517311	89.555153	75.83033	56.414215	51.804668	73.92733
WP_003531973.1	97.949982	114.44873	124.521919	100.215462	79.643616	91.30748	107.264252	85.120872	93.934715
WP_003531977.1	54.287731	57.092724	48.376072	36.30838	53.377651	41.627007	59.384563	77.350586	58.543797
WP_003532293.1	390.222931	388.718597	418.489838	282.513275	263.154816	257.629303	448.01889	438.999329	483.453796
WP_003532333.1	19.248093	33.956486	17.830053	21.665308	15.728626	18.66988	29.48263	33.154198	22.123652
WP_003532345.1	165.819366	199.445023	176.348389	233.330276	204.59613	248.91777	377.42688	342.228088	347.915405
WP_003532349.1	19.214993	25.472797	32.626152	13.924418	17.001917	30.191031	21.946938	32.52047	36.761257
WP_003532439.1	20.931482	29.433933	19.405005	26.115879	27.201258	18.029947	19.138115	16.920729	16.540771
WP_003532482.1	40.392353	47.485542	42.324883	32.416595	31.474121	31.398457	49.332764	62.835297	48.599468
WP_003532668.1	72.156021	78.549736	76.696655	80.338486	62.500881	60.202778	60.837795	73.505905	76.266724
WP_003532694.1	39.206062	54.385529	71.91626	59.87455	41.059959	45.262215	67.310928	59.000687	59.518272
WP_003532877.1	9.59599	8.27216	2.745741	7.357112	8.437689	2.687209	11.862321	7.700715	5.539947
WP_003532907.1	56.957989	75.718391	56.311535	63.389008	71.335129	81.118553	112.018509	106.492912	106.441452
WP_003532981.1	60.680519	41.296417	70.415497	39.151741	49.092236	56.208309	57.884438	62.762348	66.977814
WP_003532990.1	40.489723	53.620422	27.974009	42.426342	55.040398	47.043537	41.278637	56.510349	42.889206
WP_003533068.1	58.081036	65.108368	63.8106	77.394623	97.516563	66.060669	74.881424	88.179199	54.268623
WP_003533078.1	88.955482	96.691704	112.343155	85.002182	86.190926	85.068512	93.575172	121.374725	108.609047
WP_003533097.1	36.384243	31.33412	19.253887	6.893161	14.742551	20.545658	28.541792	16.483332	16.532118
WP_003533439.1	510.383209	525.78833	433.245636	477.977509	504.962311	522.309082	462.495178	458.787689	468.403656
WP_003533819.1	47.00391	62.481144	66.834885	45.293747	45.241257	59.241589	111.713562	104.177292	82.188728
WP_003533842.1	62.676258	44.561607	52.440392	43.030788	49.681549	59.835442	74.380188	61.60807	55.204029
WP_003534144.1	242.472961	266.730377	268.018799	258.303894	228.223602	227.398483	332.692841	338.898895	401.096802
WP_003534404.1	91.909477	97.964592	99.237328	101.504364	74.784508	87.649948	152.953659	131.530441	141.736038
WP_003534542.1	131.21106	153.636414	147.451797	155.892563	149.485718	154.592865	181.747513	193.904816	177.421936
WP_003534666.1	5.880803	7.61749	12.131006	5.530511	4.573832	4.766603	16.082075	29.067038	8.057312
WP_003534713.1	133.504456	126.293465	130.214249	123.135994	101.055824	116.34494	121.166069	121.351837	125.282143
WP_003534723.1	81.557037	70.066216	86.734314	63.828979	67.506248	82.649712	89.136925	61.711533	83.541924
WP_003534918.1	248.630142	238.847687	257.710052	215.232712	234.494034	232.129044	298.25061	282.493866	285.420197
WP_003534956.1	9.73771	14.575342	13.457038	10.171775	9.041135	7.37041	13.998552	9.351042	7.691777
WP_003534995.1	226.559814	188.33313	224.912735	238.178329	231.189529	223.348709	214.124298	208.419952	216.994385
WP_003535031.1	158.004318	160.768173	155.337799	144.76593	179.129684	148.164566	161.620316	142.873642	167.670288
WP_003535074.1	309.816071	352.168121	334.22467	311.650604	339.327148	377.318329	393.31015	426.992706	358.383362
WP_003535100.1	230.668045	212.429413	201.931839	222.600922	210.9366	218.629807	196.003143	218.801849	186.646835
WP_003535531.1	127.58358	154.991165	139.118301	134.791412	110.990997	138.23587	157.886032	149.000122	152.842499
WP_003535546.1	42.488354	50.487354	41.71685	41.526085	51.230873	43.220299	107.611786	110.643585	119.8535
WP_003535753.1	11.52704	14.497458	11.792189	7.330108	15.197553	9.825045	14.322167	14.131664	17.7981
WP_003536154.1	46.867203	53.257195	43.934849	44.098339	45.565441	44.592979	47.250607	31.636282	77.378395
WP_003536221.1	208.903976	180.580338	198.664169	165.389175	178.998795	154.108749	220.304199	219.069702	214.296127
WP_003536241.1	728.741638	822.231995	749.686218	1981.703125	2141.724854	2452.698486	1638.655273	1546.555298	1425.228027
WP_003536268.1	42.112885	54.174915	62.575294	47.396156	46.872803	42.51527	59.420734	55.778225	65.252319
WP_003536285.1	19.785866	23.42285	18.138355	18.41012	10.56047	15.678974	23.012365	15.276027	17.79936
WP_003536336.1	124.2314	107.901794	122.486046	114.133881	114.996078	100.808159	95.829796	96.910515	95.630714
WP_003536396.1	75.485176	82.439888	79.875336	58.829422	45.473759	52.028732	51.320835	64.217796	62.89888
WP_003536654.1	136.113602	129.508102	140.816162	175.298584	153.316925	163.038391	144.666962	149.365753	159.190735
WP_003536727.1	132.00351	165.548599	120.24231	152.937088	179.322311	197.279099	139.545822	98.203712	133.246368
WP_003536827.1	17.869841	26.928114	20.110188	18.56596	13.354014	15.000414	26.865656	31.745249	22.084299
WP_003536886.1	34.555237	32.697803	26.154148	22.693264	15.426167	19.47455	37.943359	37.389465	39.185802
WP_003537029.1	58.429062	43.727272	54.349682	34.900192	40.83131	48.343552	54.910133	44.500328	76.25441
WP_003537044.1	128.748978	82.420616	119.822258	124.907257	131.603119	116.341927	112.722527	145.237534	102.779449
WP_003537160.1	191.67395	179.832245	187.201477	145.254349	164.709106	157.962921	198.231277	178.592804	197.755676
WP_003537164.1	34.172562	37.456066	29.374918	38.387104	29.062595	33.101746	24.748602	23.551168	23.146038
WP_003537468.1	13.958104	10.105359	16.120125	9.805567	10.461578	6.736678	14.736927	8.667993	6.088426
WP_003537532.1	41.91695	50.967567	43.79409	38.652748	28.178385	41.798279	44.279552	51.396751	43.001324
WP_003537549.1	43.809013	46.115074	39.243828	36.564472	20.690651	44.013947	67.903442	41.427685	59.653046
WP_003537551.1	51.51997	43.694786	48.467567	27.918091	25.540482	29.830936	75.977928	85.206139	50.388268
WP_004434074.1	166.450836	138.717072	137.490723	208.670029	185.845016	155.630035	157.184753	175.544403	166.282303
WP_004434550.1	18.88356	25.121197	10.457643	42.901421	42.39875	25.701525	45.175224	25.234791	57.335754
WP_004434654.1	57.880463	60.901825	54.502239	45.639462	44.321232	47.28714	35.299572	42.949192	40.665203
WP_004435262.1	137.897217	140.716217	137.135223	100.250191	115.644844	111.197571	105.233887	114.853897	111.414558
WP_004435511.1	202.676575	240.601364	197.883255	135.352295	118.379875	128.983429	259.374451	250.19783	230.172089
WP_004435964.1	35.399971	44.215015	42.626812	16.664558	17.417749	20.219728	81.749641	87.85228	75.152664
WP_004436001.1	75.535233	68.75486	74.49662	64.364342	68.49131	56.351151	56.561935	50.856361	55.081497
WP_010967012.1	89.13784	88.229897	86.671127	83.673187	87.266296	77.729584	72.413658	78.044273	63.849625
WP_010967021.1	39.577576	33.585854	41.415459	37.845261	43.5494	41.920746	34.897839	30.372379	50.962624
WP_010967051.1	78.334251	78.13752	66.08345	59.81794	50.921906	54.037571	34.449314	42.964622	37.906384
WP_010967062.1	336.45166	409.294861	306.64743	411.943604	407.276611	459.915894	373.375183	313.192749	302.932281
WP_010967071.1	90.710434	112.626198	67.436775	175.915833	214.53331	170.248276	245.343231	244.979736	252.724014
WP_010967075.1	4.482537	4.370472	4.170955	1.9603	3.489778	4.096383	6.411599	8.504648	9.40031
WP_010967084.1	38.44976	52.109837	51.89304	26.62179	23.252254	29.209909	83.653656	90.119919	80.721992
WP_010967087.1	33.328842	34.892109	26.886145	28.254961	21.270226	28.942348	25.732389	28.135704	21.893208
WP_010967088.1	17.838337	15.148289	9.268558	6.355132	10.232856	6.936292	13.416464	22.973064	24.304996
WP_010967108.1	14.239154	16.846815	17.896841	15.939705	15.176636	20.434704	16.856333	18.608335	10.693492
WP_010967117.1	28.20179	20.781944	23.932009	16.863279	21.87174	25.912508	16.981731	25.328869	23.057077
WP_010967122.1	16.35203	17.520987	18.602728	11.866676	13.416881	13.448711	15.832166	18.761461	22.528179
WP_010967135.1	108.968323	97.368904	93.322212	122.934845	121.428429	112.137215	79.537163	85.675789	72.91803
WP_010967146.1	50.78627	58.829781	66.483124	59.213055	66.041786	51.231922	24.208027	33.590454	38.713535
WP_010967164.1	24.538685	25.099949	23.38936	27.133795	26.807953	19.240593	16.20648	14.725305	19.985954
WP_010967166.1	117.58152	107.145638	93.6082	123.494164	108.768913	118.376694	89.62999	92.795448	85.093155
WP_010967201.1	18.063156	15.878116	18.869064	14.290771	18.213907	12.326603	11.180124	10.331444	9.784537
WP_010967208.1	129.010635	131.137451	116.143562	88.637054	93.585892	101.217682	109.731735	98.842339	79.037292
WP_010967238.1	35.690258	30.916492	21.145239	32.056816	29.566711	30.776911	23.635725	22.472216	17.669359
WP_010967254.1	156.154846	150.850021	128.932327	139.157578	137.805496	140.332321	87.686958	103.383492	89.882317
WP_010967260.1	28.232956	42.767715	40.948383	48.870415	49.694794	43.356503	28.330969	33.993347	47.113331
WP_010967278.1	68.20533	84.554443	73.170166	77.218956	59.588188	70.600281	49.388138	51.966347	63.751728
WP_010967286.1	41.836472	30.384901	46.577263	39.265564	33.187893	27.445913	15.465745	13.973566	14.739141
WP_010967290.1	43.999043	34.166096	42.855236	49.663948	46.848751	44.538582	38.998447	34.804607	26.554214
WP_010967291.1	30.804676	46.158455	31.310835	40.853374	40.945175	37.355892	31.694416	19.164471	28.974096
WP_010967301.1	49.963974	44.594315	53.285408	25.615519	31.744993	32.31213	18.269049	20.618238	14.474454
WP_010967309.1	6.674527	5.224634	9.686307	3.664145	4.187229	5.085339	0.626001	4.171011	2.86996
WP_010967310.1	52.50248	56.154797	46.1991	52.547867	52.292496	50.238895	36.613041	33.650261	33.436653
WP_010967336.1	13.89436	12.408092	20.572931	19.541645	15.537237	11.491194	34.791466	32.351757	35.386757
WP_010967340.1	402.28009	419.2099	389.755646	527.010498	435.600861	477.754639	344.31488	313.32843	311.889404
WP_010967356.1	205.939651	240.271423	202.008606	234.858307	265.453583	222.967896	195.783951	215.369156	167.944946
WP_010967357.1	137.910187	159.388977	143.564072	151.330154	174.414276	140.727951	123.955391	120.241409	133.272079
WP_010967358.1	293.290985	280.53717	260.4776	294.460419	275.228058	293.352661	215.777954	204.897964	210.863235
WP_010967422.1	227.322128	213.322739	206.008606	174.824066	172.422348	189.02652	116.790527	113.814163	122.213631
WP_010967491.1	32.991917	32.425873	23.927681	33.917381	29.082859	29.422472	22.434942	17.544693	23.836298
WP_010967525.1	59.603157	56.782726	33.262222	35.652695	42.830845	36.920162	40.156952	30.936678	26.168407
WP_010967527.1	23.468174	35.485661	30.288961	28.811544	26.375786	16.824574	19.213537	21.372681	14.567585
WP_010967535.1	149.848206	121.69474	148.480026	111.956123	148.969711	118.952568	79.529724	104.630257	88.827408
WP_010967540.1	54.936974	55.664757	57.766266	57.408001	56.125908	55.135468	72.911964	88.615501	50.469284
WP_010967542.1	12.668272	7.497257	10.972576	7.185686	13.68977	8.382939	7.290007	6.827291	6.252624
WP_010967543.1	25.445929	31.011415	26.258921	14.605626	14.545518	15.030415	11.464876	10.972104	10.767338
WP_010967545.1	62.799911	50.425514	84.740463	62.488472	58.587147	48.395317	26.42625	51.108562	43.188328
WP_010967557.1	34.126335	36.534916	39.634739	30.339796	34.683929	33.664494	26.156574	24.843561	25.981619
WP_010967562.1	684.102051	718.236877	759.265625	308.594086	288.396088	303.770996	1032.391602	1031.168457	1142.943726
WP_010967566.1	242.369934	213.244568	245.941177	233.293137	254.179947	235.00824	253.110321	202.380554	241.272705
WP_010967577.1	222.66069	222.130875	269.43454	247.647339	200.599106	246.740921	188.187592	161.578537	193.541351
WP_010967589.1	298.717102	359.057343	339.065399	411.217743	369.555756	372.634125	325.456482	341.173096	335.980164
WP_010967615.1	74.546265	105.865356	107.359581	93.022285	75.417061	77.384003	103.654694	63.448128	62.752548
WP_010967622.1	211.765625	190.435074	206.743759	201.763184	221.099319	202.614807	149.174316	134.759415	143.195999
WP_010967623.1	29.986397	30.569719	38.151211	22.848162	22.432499	24.321522	21.293774	21.085871	21.011059
WP_010967626.1	56.496555	48.523479	36.033955	39.032612	24.493151	44.176254	36.549915	42.873173	53.613178
WP_010967627.1	36.565701	37.654682	29.967484	17.713192	27.90774	23.968754	26.912018	33.483833	36.641556
WP_010967635.1	111.475113	119.838943	113.744568	88.601028	85.670609	93.780128	118.259216	121.063011	114.455948
WP_010967652.1	44.618507	55.727673	55.885365	53.494274	55.947514	55.451538	75.867798	55.44104	54.178345
WP_010967653.1	93.302124	93.780701	99.84716	70.843849	80.975456	77.610352	81.137657	92.847244	94.593765
WP_010967657.1	77.978806	75.291168	63.401985	73.44931	82.361832	97.905167	78.764633	100.140785	78.927513
WP_010967660.1	14.280699	6.76866	8.589947	4.91674	4.909683	6.175023	9.102428	4.467393	4.796655
WP_010967688.1	13.466698	20.909286	22.088354	16.508551	14.625943	15.9519	17.007788	23.720116	9.333038
WP_010967690.1	28.187569	20.594213	10.950953	15.077996	17.717648	17.959732	8.595901	5.403633	6.331458
WP_010967692.1	22.942308	27.604008	24.367104	22.827324	25.739433	32.377369	23.422108	12.23562	21.543276
WP_010967697.1	15.479609	14.537011	19.047268	12.19799	14.07453	12.327554	7.150415	7.601614	11.123019
WP_010967720.1	45.899338	33.653481	42.5168	36.459599	38.371201	36.573631	32.36393	31.870808	36.557884
WP_010967728.1	15.980007	15.293852	23.773193	18.484653	19.622219	16.517036	13.682558	10.794736	15.298526
WP_010967730.1	13.134965	15.387459	16.908602	18.988285	14.373597	12.345125	8.024598	9.070044	6.269816
WP_010967757.1	56.901279	54.030842	62.960598	58.627319	49.04715	48.107376	44.347198	44.215164	48.734715
WP_010967759.1	91.02906	91.793724	92.811119	89.542816	90.964508	76.637207	69.335373	51.702831	68.504265
WP_010967768.1	64.966919	45.000111	55.626678	45.313274	59.105114	49.789574	40.919323	39.631554	50.617302
WP_010967779.1	39.976288	28.759556	32.687111	19.280066	14.79344	15.37737	21.308029	17.17396	25.249161
WP_010967780.1	8.516985	8.676674	8.549764	8.420498	5.9793	8.765678	9.111523	9.972186	7.242208
WP_010967790.1	88.451782	91.792976	88.016396	71.363205	73.610596	72.700623	90.991852	102.654518	95.426376
WP_010967825.1	26.401587	21.238523	29.493799	31.430468	20.539652	37.557537	35.508556	24.153646	26.18071
WP_010967869.1	16.724895	24.027634	20.547537	10.638864	13.671475	14.558024	11.41661	16.783136	14.844861
WP_010967889.1	24.462793	28.788345	28.919106	26.843859	29.270063	22.158533	23.07781	15.278171	11.817836
WP_010967912.1	46.916874	49.397964	61.763947	59.979492	73.351768	55.554619	39.515625	41.144596	34.123703
WP_010967913.1	53.891163	55.622318	62.902115	55.942421	59.180996	41.94759	54.811424	43.161182	48.83688
WP_010967940.1	46.053833	37.661163	41.991428	49.069702	49.250164	44.120975	28.794769	32.067139	23.123976
WP_010967949.1	159.734177	137.922028	132.413528	141.406006	125.96508	142.635208	107.664299	97.292	64.549904
WP_010967956.1	27.088785	26.952959	27.428541	19.339617	17.845942	16.15519	15.566019	15.717916	24.296274
WP_010967959.1	27.290545	28.326986	23.866276	17.364632	17.391537	19.135599	17.863611	18.809311	13.829957
WP_010967981.1	28.664824	32.795677	24.951412	30.892706	27.628178	30.213585	33.737747	25.294544	38.062672
WP_010967991.1	355.164673	325.554932	300.202179	371.965332	369.993378	321.530273	217.273315	237.837006	244.041626
WP_010968025.1	48.65881	47.174297	51.7024	44.407803	41.176537	40.718056	27.353373	33.62553	19.911852
WP_010968037.1	24.522507	19.874771	19.738752	21.874908	18.159094	16.339436	13.595525	6.122921	21.345295
WP_010968050.1	40.725945	36.52681	35.00285	25.801048	33.58205	35.71125	26.664852	18.960142	22.84952
WP_010968061.1	91.098846	94.507614	96.134544	109.637039	103.780083	100.350487	72.24131	75.621552	59.282024
WP_010968067.1	41.87318	64.870995	58.798267	51.061848	58.524502	58.446869	66.114159	54.716591	63.441116
WP_010968083.1	54.960953	54.522648	61.311417	57.230541	48.639912	59.723774	52.614475	49.593651	62.250271
WP_010968086.1	13.598588	8.455428	7.637267	8.999548	7.561511	5.51197	6.391872	4.621394	7.323793
WP_010968124.1	60.608913	48.392422	51.594265	49.839569	39.609673	49.693443	37.377422	26.021551	25.063089
WP_010968125.1	32.681339	37.967396	33.582695	17.567389	20.709658	23.548731	30.716726	29.288515	30.139797
WP_010968140.1	147.726517	131.12709	124.615959	138.118622	122.819969	130.038254	120.025803	113.030037	96.524231
WP_010968180.1	12.629119	12.926383	3.197755	5.321199	5.589688	13.875676	16.512905	19.41773	16.599287
WP_010968184.1	14.381194	7.894843	9.157201	12.589399	10.410491	9.505275	8.67806	12.728106	7.473573
WP_010968208.1	54.034695	52.189915	57.728134	48.279007	49.80209	46.372787	42.027901	39.837669	37.861645
WP_010968212.1	15.14693	22.941175	17.893757	10.774857	13.013386	16.128206	12.043762	12.801394	7.85021
WP_010968213.1	26.914557	30.03755	39.519131	17.102335	31.98971	21.679266	12.918306	16.264265	11.669886
WP_010968221.1	47.908787	30.98455	48.13485	34.57262	31.612072	26.894485	37.947979	46.244717	47.251461
WP_010968299.1	245.998856	253.965942	234.864868	184.128113	203.956894	182.388062	271.946014	244.632324	258.885834
WP_010968381.1	18.615536	18.516878	17.211468	10.857943	10.817353	10.550673	14.3688	17.662451	19.126017
WP_010968382.1	18.913141	12.320414	13.492447	7.559031	6.616199	4.974932	15.987019	6.724885	22.461205
WP_010968387.1	1.6885	4.618568	1.26807	1.017177	2.045705	2.055257	3.459376	4.66437	1.769622
WP_010968392.1	14.059001	10.100004	13.0059	6.912325	9.095242	10.326797	13.122684	8.854566	13.190161
WP_010968416.1	462.044525	471.970947	475.489288	337.20929	324.791016	331.540497	317.820129	313.45575	335.462616
WP_010968424.1	311.800842	362.548218	318.266876	334.607239	313.781006	333.147888	367.31958	371.033691	347.024353
WP_010968430.1	25.420406	27.402403	24.483166	16.266279	27.509163	19.263903	17.642675	17.950756	17.572367
WP_010968442.1	68.767006	64.652626	70.355904	61.496712	64.964935	59.672207	59.440865	64.257965	75.768753
WP_010968457.1	51.724243	58.586597	52.913136	35.871513	33.516518	25.112974	43.691677	30.707779	31.399851
WP_010968472.1	644.405273	652.639404	712.619202	648.752197	602.767395	609.554626	718.603638	835.281006	807.373962
WP_010968501.1	21.712814	19.687458	15.654848	12.792681	11.478494	12.897989	11.278753	15.230488	17.708467
WP_010968503.1	37.40921	33.714718	32.372021	21.457468	21.877748	26.098537	20.451782	17.459272	15.809379
WP_010968505.1	69.129677	80.237831	67.914131	59.539066	52.589252	49.835632	81.747528	75.401192	86.863197
WP_010968577.1	18.083731	17.831345	16.26153	11.40946	11.061168	11.774703	17.106649	28.670893	28.322769
WP_010968588.1	31.234138	32.625027	30.671577	19.71277	18.94919	25.860395	26.185059	24.983343	24.530001
WP_010968592.1	45.852734	43.843975	49.59222	27.896202	39.175289	36.802475	49.954891	46.984501	42.489521
WP_010968599.1	16.825047	8.71203	5.621459	3.282201	8.721701	9.853957	12.189447	6.749434	11.0928
WP_010968614.1	55.331535	70.294144	52.726044	42.251991	45.061222	41.510517	33.677998	37.624084	42.304623
WP_010968633.1	32.322857	29.565737	30.646236	31.136747	33.425007	26.860605	31.262039	26.540472	31.452087
WP_010968649.1	68.685852	73.729927	79.670937	81.891174	65.733406	78.147797	59.710384	64.791908	67.600105
WP_010968662.1	82.29393	74.933525	73.627182	64.589127	59.857559	47.418236	62.964115	64.152847	67.920097
WP_010968680.1	73.121567	78.581055	88.118561	59.057735	52.241909	61.073166	61.01173	71.241798	68.518044
WP_010968681.1	140.480133	137.701889	119.75779	103.793839	124.705498	131.339005	98.762627	89.092224	94.946632
WP_010968682.1	165.051773	149.705093	185.603195	171.012985	171.641144	158.193054	102.572586	91.296745	108.030495
WP_010968683.1	334.79187	260.155823	371.26709	275.132141	256.100464	285.203125	177.198166	196.891693	194.652603
WP_010968712.1	123.44735	110.403717	133.601547	118.534294	137.010422	134.283356	101.323997	76.425491	105.967148
WP_010968733.1	32.796551	22.508675	38.852425	8.956568	10.639927	18.635818	9.093649	14.140334	17.529161
WP_010968742.1	1.294964	5.51694	4.508369	3.985137	5.110363	5.754531	9.349772	8.001026	4.504167
WP_010968756.1	70.296387	59.084435	69.85984	55.427399	57.393326	56.295525	49.877209	54.179729	57.545818
WP_010968765.1	582.170105	527.679504	571.723816	512.368103	525.82959	496.553406	498.043884	542.517822	485.857086
WP_010968778.1	153.986572	125.943916	140.45578	113.488159	99.736694	99.352745	98.504906	97.550407	98.091682
WP_010968784.1	31.848383	26.628735	34.272282	18.532993	23.570465	31.782236	19.617727	30.459333	16.432085
WP_010968788.1	24.185333	22.980946	35.81863	31.227797	34.248631	40.282303	41.265553	43.150562	37.12735
WP_010968791.1	22.019011	23.331459	24.935455	22.268894	29.182245	25.952021	50.161411	25.701836	38.724758
WP_010968811.1	17.572479	15.336309	19.991741	21.321609	32.553795	19.643951	20.496578	26.100073	29.191334
WP_010968812.1	17.438148	20.152288	9.282898	17.080727	12.672742	10.427647	12.694169	7.174109	10.913676
WP_010968815.1	38.830257	20.719902	32.282402	20.119129	25.779327	20.956636	20.220568	24.538307	23.216171
WP_010968846.1	358.551208	423.593689	385.021423	606.783691	590.057129	714.985352	793.532654	622.917297	647.603821
WP_010968853.1	37.728542	38.359821	34.643261	32.955902	33.119869	25.096781	23.011423	20.34137	27.067291
WP_010968860.1	473.730927	435.884308	462.819641	354.644806	349.719696	343.321381	444.048889	487.015533	485.316498
WP_010968863.1	23.92868	30.117937	29.876501	26.33593	30.105509	15.760706	21.438454	32.627724	38.313236
WP_010968868.1	23.37635	25.375772	31.749926	34.306053	36.617764	31.08836	18.404234	30.356596	22.974911
WP_010968871.1	19.489653	11.945581	16.897766	13.435396	20.773111	9.731151	8.658092	6.079047	9.424518
WP_010968872.1	24.498053	23.83576	39.884991	26.824167	25.240484	19.228825	27.484295	27.149696	34.807972
WP_010968882.1	36.238438	23.402679	13.311317	13.426291	14.084097	27.680708	19.694227	16.678438	29.426197
WP_010968900.1	19.358934	19.194349	21.315947	18.108814	12.114029	15.96402	22.551586	18.59573	21.795214
WP_010968920.1	240.089066	201.177567	222.133133	157.563644	162.906372	150.668411	243.225327	239.418411	251.264938
WP_010968926.1	211.460251	218.564972	245.246872	274.382935	270.104828	288.301575	212.06813	220.602921	229.888107
WP_010968930.1	88.68354	90.321609	82.832283	71.174149	56.197174	85.368248	118.078239	133.135559	112.034065
WP_010968965.1	16.274862	13.776978	6.220895	11.49429	3.525993	9.491632	13.809375	8.878002	16.534525
WP_010968973.1	179.357712	181.544495	195.170425	180.6362	166.570892	156.049057	153.251953	160.56456	140.051041
WP_010969000.1	159.915817	136.552979	151.958069	116.137749	98.906029	104.442047	105.849586	117.721481	116.617043
WP_010969008.1	191.056671	206.126373	166.90242	148.609512	161.67099	173.588425	212.03215	193.574203	188.259995
WP_010969013.1	57.111019	64.390587	57.053894	58.79287	32.74229	54.464493	35.378197	46.25367	34.46236
WP_010969016.1	367.84671	369.279083	348.244446	259.360352	251.488876	256.0354	325.90741	335.608887	300.953674
WP_010969030.1	425.822052	365.793243	412.426208	440.09137	450.265503	410.296051	373.171356	412.114746	354.249939
WP_010969036.1	43.898266	46.993637	50.918419	28.662294	32.361382	27.719732	19.232197	20.459869	21.600767
WP_010969046.1	162.718048	177.698624	177.874191	177.293045	151.885422	182.144226	189.491638	149.915604	162.77359
WP_010969074.1	236.016846	222.712158	255.1026	268.437592	231.671371	262.190643	217.238861	211.17984	237.713638
WP_010969080.1	331.348969	316.787323	265.220184	154.124878	197.566727	206.236984	255.117676	209.521606	214.886765
WP_010969097.1	26.899221	24.610731	18.190201	11.266852	17.211231	19.611887	18.805008	18.043474	10.793041
WP_010969100.1	13.475471	14.082176	11.975355	9.399427	6.655855	7.6287	11.593125	8.027578	11.837624
WP_010969105.1	109.446411	118.92852	103.170418	92.151039	102.307396	103.146172	94.879791	94.370583	104.79586
WP_010969117.1	1055.612183	1052.341431	1112.227051	1615.345459	1601.714722	1805.253906	1681.04541	1518.878662	1476.158325
WP_010969118.1	104.692909	100.107018	82.733986	166.368286	150.321075	158.220734	110.726906	99.977249	120.792953
WP_010969141.1	19.803593	18.316843	17.150549	11.213606	14.471417	12.186787	12.432945	14.954987	11.595595
WP_010969145.1	80.332542	76.950836	64.715675	70.984016	76.862648	84.513817	78.914841	112.897949	76.593346
WP_010969159.1	37.144554	38.157593	36.386215	28.332518	24.023876	34.805931	35.937561	44.807194	39.984337
WP_010969184.1	43.109001	27.935125	48.43935	41.268085	42.893318	50.961605	49.627663	32.058559	39.181484
WP_010969190.1	22.16094	30.787897	19.861441	26.116724	23.272198	16.154449	17.845312	22.738297	18.190876
WP_010969199.1	71.826996	58.074787	63.60358	43.732159	52.242962	54.843159	59.915657	62.674923	56.774506
WP_010969200.1	83.910873	86.614059	77.377708	88.428963	70.906212	90.669693	69.873535	70.122749	78.881241
WP_010969214.1	32.755638	33.303524	31.912258	33.510792	24.394958	28.892937	33.115421	37.975433	44.935349
WP_010969216.1	49.762775	47.734486	50.139114	60.363842	49.552708	48.602192	45.132317	56.811169	51.914639
WP_010969223.1	15.932094	10.454134	14.993007	8.705535	5.086275	1.342492	1.685241	4.154655	5.658683
WP_010969258.1	484.1026	462.409576	477.404053	447.261078	458.762421	446.140442	440.256714	447.855011	444.24176
WP_010969270.1	47.571732	55.722008	49.803558	42.306778	33.506645	38.057636	61.908173	62.901005	65.075317
WP_010969273.1	442.228333	478.149078	437.790649	406.48526	427.256409	445.832977	377.568329	358.519836	364.579437
WP_010969286.1	80.005531	92.070213	91.11644	81.009682	60.783081	77.283249	101.344749	92.762886	91.517662
WP_010969295.1	15.421168	25.492117	13.991155	10.880043	12.043447	12.132067	18.557081	15.39659	11.420463
WP_010969297.1	304.017578	351.116333	286.900238	349.664032	320.234528	317.342743	275.108673	253.204712	297.779114
WP_010969321.1	100.043076	122.121124	111.115547	105.060555	95.193581	87.634758	110.880676	135.870865	118.523041
WP_010969326.1	1537.478394	1499.956055	1518.540283	1712.25293	1656.088623	1604.703857	1328.879028	1303.130615	1334.64563
WP_010969340.1	23.220694	23.876747	28.994289	13.777117	18.226957	24.344887	25.258589	20.654127	30.338537
WP_010969341.1	61.92194	63.677849	64.914055	63.423084	66.899391	64.155273	71.753281	80.169136	98.573761
WP_010969342.1	84.857063	76.570427	97.726555	77.529816	67.989754	74.466934	45.813583	42.486618	47.993568
WP_010969343.1	110.874512	103.79705	106.688087	95.35601	85.762497	96.361504	80.390129	71.820526	86.709473
WP_010969356.1	24.855349	27.034542	25.125614	20.536192	19.796843	19.714979	17.010923	15.391948	17.775429
WP_010969364.1	90.071693	79.83963	84.07663	96.121666	89.923492	86.664406	81.602058	63.868561	86.533897
WP_010969390.1	26.835434	37.500656	39.803791	31.06764	27.615952	34.163471	39.917439	44.357056	40.804234
WP_010969398.1	51.790974	52.647198	52.237808	55.089191	48.617733	54.778023	43.647163	49.536667	43.929546
WP_010969404.1	54.805965	40.877441	52.954044	37.455875	28.129841	33.562557	37.02776	36.506611	50.502228
WP_010969413.1	488.26355	450.758484	484.062622	579.934937	533.963562	540.374084	358.001434	417.140808	417.237579
WP_010969419.1	21.532543	18.57193	28.770588	12.740704	23.124344	29.258095	42.481232	37.214798	38.046947
WP_010969420.1	57.523556	50.591904	48.986176	36.035118	39.507439	33.771141	47.110592	48.102127	54.856236
WP_010969442.1	13.525363	15.172186	16.384762	11.000672	13.983111	12.159377	14.765005	9.191576	11.727613
WP_010969445.1	27.984358	36.025303	25.216722	29.383371	25.78875	36.743683	35.958115	27.293362	31.24445
WP_010969460.1	42.021641	43.345779	39.558968	26.829496	33.039856	34.342709	31.639341	41.902958	32.051907
WP_010969474.1	61.76778	64.698845	81.058548	56.537762	61.917213	68.449821	43.859886	51.096455	50.115891
WP_010969475.1	79.098755	89.752563	89.620781	87.847008	94.378761	82.989273	70.162834	72.404564	59.464165
WP_010969501.1	54.037022	66.865387	52.760906	33.805412	38.039627	47.483952	42.984329	41.119682	55.969246
WP_010969507.1	17.940874	11.128496	25.217955	15.476166	16.987944	19.190893	25.152281	19.3106	28.928591
WP_010969521.1	131.953049	115.624748	126.460983	113.152328	119.846756	122.642097	127.154465	133.47731	140.978745
WP_010969546.1	17.081366	12.424649	18.035515	17.180437	17.061769	22.691595	26.243162	22.567591	15.759513
WP_010969547.1	7.503696	6.842174	6.180182	4.377459	2.356663	9.140118	4.002112	4.893816	2.597854
WP_010969553.1	91.733665	100.261871	98.950912	88.967964	82.230484	102.898308	263.990234	250.225464	233.879288
WP_010969557.1	59.664337	56.533451	63.07011	45.831505	48.062183	52.970284	60.046299	67.202858	67.815384
WP_010969558.1	156.359573	119.433479	136.156845	144.980148	161.562729	146.97522	162.518219	232.878662	205.624588
WP_010969563.1	121.79995	113.062256	106.770821	102.326332	100.069458	108.614975	107.660446	103.514282	110.872719
WP_010969590.1	81.635246	74.834412	68.78997	76.903915	69.12664	76.870605	64.37252	69.572197	62.978146
WP_010969601.1	150.364441	175.365417	151.686386	140.414673	153.146347	146.840836	135.994247	130.340179	121.224777
WP_010969609.1	63.531792	78.01873	80.564369	55.949444	42.514561	43.930622	46.948135	50.227135	57.591602
WP_010969613.1	51.406143	73.45063	49.635376	55.920818	58.530678	47.99416	69.273605	95.851242	41.961651
WP_010969614.1	181.91687	200.496841	175.18103	121.602631	98.7976	114.800392	167.180344	179.95784	159.744247
WP_010969615.1	134.588226	143.596191	133.003403	100.137825	67.092644	87.926964	168.664001	162.415054	155.304123
WP_010969623.1	45.211399	42.678097	46.653347	55.450302	62.650528	57.373096	54.933403	62.193394	51.205627
WP_010969653.1	69.725777	64.54229	67.733795	48.367596	47.494995	46.819458	49.443371	42.689529	46.253155
WP_010969663.1	86.796532	76.720543	91.133812	61.839867	65.669548	62.734253	75.184128	86.657486	75.643555
WP_010969664.1	6.646632	7.668796	13.631254	7.644287	6.718872	8.044638	9.743313	8.183294	7.917111
WP_010969670.1	16.79528	14.981594	18.41798	19.668783	14.626537	7.372277	12.284692	17.533003	7.677502
WP_010969676.1	43.215271	32.445839	29.201771	28.000895	30.859907	28.550417	35.382763	44.927956	33.99836
WP_010969678.1	11.672297	32.485222	27.528074	142.110291	73.659447	108.757591	146.604065	198.8862	127.04245
WP_010969693.1	145.535019	108.197227	107.183273	116.524529	112.273422	142.834381	225.161133	193.396805	212.068512
WP_010969727.1	186.87561	200.29129	191.520935	266.893646	236.501495	241.560242	181.563812	213.55719	138.186615
WP_010969729.1	52.31942	79.945671	43.940247	89.499588	79.759758	107.431366	100.570457	82.511063	88.748299
WP_010969754.1	771.714172	734.847107	815.382629	703.726074	678.538086	654.612732	577.808472	617.312012	645.281799
WP_010969761.1	29.807175	36.986088	31.219515	33.502491	31.217674	28.52438	48.132404	36.162712	44.69928
WP_010969765.1	21.027357	15.757831	11.250255	14.884781	22.852381	10.277339	28.838453	19.087763	23.777405
WP_010969799.1	52.827911	53.986141	41.151424	38.535381	42.914047	44.938526	32.31258	38.548405	42.100239
WP_010969809.1	80.453041	79.273628	73.108269	96.651077	87.665375	97.462173	70.763733	73.319817	76.80616
WP_010969813.1	36.058945	34.018902	31.411455	41.402824	22.169483	26.277161	26.568316	25.440901	30.986307
WP_010969817.1	55.948063	56.931458	48.428574	42.008087	48.186672	43.959644	39.306301	31.18792	33.971733
WP_010969843.1	76.946281	80.585327	88.020226	38.654243	60.134323	71.673576	45.213699	50.229542	52.249569
WP_010969862.1	12.23736	11.843948	14.211988	10.735452	15.325848	16.48984	16.059729	12.391713	19.126804
WP_010969911.1	188.329987	173.548477	161.090637	191.068481	176.067719	186.888138	181.314484	180.446152	184.938644
WP_010969931.1	49.836288	49.954441	31.112028	48.063663	40.499828	47.758141	31.469551	28.712523	28.560188
WP_010969934.1	15.060357	19.086199	10.083293	9.821839	7.439742	10.411071	17.587599	17.808815	23.344385
WP_010969953.1	61.538723	51.375134	54.433475	52.46159	57.048325	64.701248	67.095718	45.714302	66.762505
WP_010969954.1	283.907288	306.066833	306.287933	245.711227	240.300735	222.05867	238.886719	265.08606	267.516418
WP_010969963.1	52.899178	82.191719	59.811325	39.585064	52.802391	58.899193	54.996666	74.913857	61.524368
WP_010969967.1	18.998894	15.882268	20.456598	14.927352	10.485703	14.951095	10.258384	8.934676	14.176552
WP_010969978.1	114.832405	123.45842	135.281158	87.366425	94.397026	89.082527	95.265694	108.459679	104.52285
WP_010969987.1	78.737083	58.260361	62.782639	57.952923	71.112633	59.016689	69.169868	64.622314	61.178642
WP_010970004.1	34.685276	19.62981	32.371372	19.699451	23.08626	24.112816	14.181604	31.501587	24.229353
WP_010970008.1	20.156559	23.072071	19.310602	22.078606	24.257587	24.005386	16.445261	16.51651	11.358289
WP_010970016.1	16.655849	17.999693	15.17071	9.525667	10.873623	11.444042	14.472232	10.213041	13.52245
WP_010970037.1	41.868626	39.021034	50.481445	44.740265	30.550489	35.194546	35.501961	35.035862	28.974171
WP_010970052.1	28.270617	31.44087	33.644466	23.171156	26.077717	25.073082	23.777567	25.579023	49.233505
WP_010970059.1	34.758617	27.923588	24.059883	23.538654	24.792839	24.038374	18.521835	15.015431	18.469856
WP_010970070.1	40.703987	37.0658	34.393757	34.958931	40.314171	29.253668	53.350235	50.329418	55.466522
WP_010970085.1	400.189697	454.161743	448.566162	435.972473	441.481506	416.893951	378.216736	372.215668	394.150909
WP_010970115.1	58.231651	78.255783	77.524757	45.497597	52.697544	35.00415	62.472935	56.869076	55.304916
WP_010970126.1	108.245811	124.611481	138.427658	113.727509	112.348885	114.551147	103.955231	96.396881	100.099678
WP_010970131.1	146.108673	138.433456	139.985107	115.290237	109.803902	116.938042	144.007797	140.437805	144.498978
WP_010970138.1	25.228428	17.711349	23.043102	19.466837	10.191905	19.454359	18.58868	7.364826	18.579405
WP_010970141.1	1578.510498	1480.25354	1603.723633	1216.651001	1200.733276	1165.390381	1155.742432	1287.151367	1235.447754
WP_010970149.1	15.666994	22.000929	20.17116	24.130024	19.662306	15.130113	29.208817	28.920341	21.238436
WP_010970153.1	22.20813	19.280319	23.410425	23.379902	25.03182	28.830906	90.988998	66.469513	97.419418
WP_010970162.1	195.526047	172.859314	187.675842	218.150452	225.910721	248.214661	227.428436	239.759155	214.655899
WP_010970168.1	31.013901	30.831324	27.623484	16.163582	21.99873	23.833197	22.473465	18.445288	12.736227
WP_010970172.1	63.634979	75.365089	63.512489	70.225784	51.502693	63.348125	63.65366	66.447739	57.739498
WP_010970174.1	69.505089	63.254456	63.959541	46.136333	44.290535	53.685604	62.118744	47.730488	63.549622
WP_010970186.1	57.854038	69.833725	52.864292	48.695896	46.694271	43.799858	60.823559	51.345135	64.612206
WP_010970192.1	270.381104	327.537872	294.966125	229.843979	269.318604	253.83342	304.06488	343.86441	277.739014
WP_010970201.1	58.446224	61.250542	64.595345	51.579128	57.767792	55.104214	57.014702	57.52327	55.181362
WP_010970205.1	117.483353	112.10247	125.598984	98.448586	111.067215	98.328377	121.703819	124.385284	128.376099
WP_010970216.1	53.595818	59.489986	50.154594	62.879082	61.93515	65.894859	54.562222	51.371956	60.624825
WP_010970223.1	49.042164	56.10281	59.038944	54.252995	35.08786	45.264793	62.042992	54.175156	80.292145
WP_010970224.1	51.93047	54.779026	76.086838	50.550022	36.605942	46.691616	63.640957	51.211254	46.661045
WP_010970225.1	42.12928	43.39669	35.521839	36.817917	44.002266	41.64785	56.624699	50.73156	47.716686
WP_010970247.1	88.555115	98.101173	94.127869	82.156654	65.543289	73.027245	51.65192	32.827084	51.864319
WP_010970268.1	122.768448	129.876602	123.696075	116.025307	113.706581	103.206322	95.816116	101.820244	107.712044
WP_010970293.1	27.318262	26.884264	23.948799	19.495405	25.185625	28.107792	31.50247	40.083023	39.538727
WP_010970318.1	31.211758	32.383537	31.709984	20.507977	13.467332	16.102253	32.578842	27.969563	35.859577
WP_010970325.1	12.137746	11.11867	12.656386	8.040587	10.115132	8.516256	6.070805	14.133121	12.274143
WP_010970336.1	56.021214	59.543579	47.428448	38.669556	40.738865	39.64571	56.705231	67.668221	47.002415
WP_010970372.1	115.385742	118.517189	123.575272	98.23317	106.849312	110.672836	80.719597	85.214211	93.380836
WP_010970378.1	102.945343	90.047531	92.405258	104.259064	74.907593	116.205383	117.790703	119.348869	100.419044
WP_010970385.1	135.123611	148.155563	152.669693	133.856964	165.31839	146.074203	147.864441	187.968063	145.774673
WP_010970387.1	195.608734	150.52478	179.695267	161.531265	138.498825	137.077835	144.259247	176.589859	168.995667
WP_010970400.1	148.592804	155.433228	151.919189	134.308578	131.457718	135.307938	150.920334	134.412033	149.699173
WP_010970426.1	299.221954	301.940552	296.89621	296.944214	337.217316	313.901276	251.605286	239.536819	279.339264
WP_010970440.1	580.711975	572.151367	595.664368	636.928162	593.996277	592.962708	579.513794	570.198914	598.154907
WP_010970441.1	557.710693	539.030457	543.93042	548.537231	575.240295	521.915894	538.174133	490.367615	530.484192
WP_010970442.1	458.182739	481.404572	445.119568	484.21405	477.282257	481.529022	454.307617	443.566071	433.985657
WP_010970458.1	106.884972	104.692871	94.665527	118.277534	130.336655	118.562096	107.051826	119.618065	109.323868
WP_010970462.1	112.431175	128.663483	133.119568	109.835625	111.026939	110.803223	111.806107	117.490051	118.207657
WP_010970486.1	166.288284	168.29541	147.84697	134.226227	127.25061	119.784622	115.806938	108.083992	124.095573
WP_010970510.1	116.688881	126.904686	125.634537	101.055687	105.67334	112.728569	137.2939	143.950516	147.720306
WP_010970525.1	33.310253	29.354033	33.600632	16.836693	23.477507	22.332344	40.25145	41.104633	41.231239
WP_010970568.1	61.104591	42.715229	21.902889	35.021523	45.31839	48.159714	49.248524	63.62085	52.040642
WP_010970580.1	115.675308	89.293716	94.784729	68.977074	65.940094	55.098236	75.408012	125.564796	121.133736
WP_010974938.1	8.879004	5.265998	6.592647	1.753906	0.696065	4.305396	4.596778	8.26585	12.790936
WP_010974952.1	13.063941	13.157644	11.022107	12.499907	11.179262	9.184821	25.189821	37.74802	17.39262
WP_010974962.1	87.258675	60.83287	63.965508	50.392643	62.299854	50.807652	41.958271	44.716255	34.264957
WP_010974967.1	30.041847	34.215965	24.144238	25.480278	13.306028	23.104448	31.494759	27.772505	35.715855
WP_010974979.1	63.758469	78.881912	64.666084	58.475777	50.241798	46.164314	67.221924	74.634033	63.962395
WP_010974994.1	24.037901	29.224628	25.476717	11.517076	20.697407	15.494246	38.561554	19.255831	32.952106
WP_010975007.1	13.890522	8.598572	12.163215	11.217618	23.773619	20.488974	19.495636	31.041895	12.414546
WP_010975028.1	14.527708	17.907446	15.443896	15.830887	10.888101	10.458808	17.2437	19.395512	18.133543
WP_010975069.1	23.116165	32.277603	32.019245	25.822748	22.243006	23.056734	17.6418	18.566561	15.10253
WP_010975076.1	41.981945	38.021656	44.668697	41.0471	25.030979	44.76469	58.932377	60.610134	68.642761
WP_010975077.1	106.845184	87.5037	89.093307	99.555687	84.448212	91.34864	90.694878	92.493233	73.229546
WP_010975078.1	100.122231	93.558357	85.985909	78.764137	69.851227	66.304626	70.938522	86.421776	81.492126
WP_010975080.1	57.209091	50.22353	52.112885	39.809597	48.891872	46.792027	55.402439	53.410118	63.577358
WP_010975083.1	58.98288	41.62569	51.193069	17.876284	21.10734	17.725403	70.372444	55.782383	68.68
WP_010975084.1	220.311768	240.557617	211.865982	150.017441	159.759842	165.798386	222.286224	212.022018	208.273026
WP_010975085.1	111.094559	103.565895	115.434593	79.080887	47.085926	79.233284	105.995514	91.790108	97.172607
WP_010975087.1	22.787537	27.912066	25.243742	10.279469	23.853762	18.01932	19.446194	20.97686	8.547182
WP_010975088.1	16.337833	7.198738	11.332095	6.839642	7.07938	10.61665	11.818318	9.793291	11.816787
WP_010975089.1	16.183752	20.431749	16.767744	8.895364	8.200109	8.068295	17.592188	17.205301	13.510644
WP_010975090.1	41.93375	25.931623	34.41531	19.332392	16.721039	14.400942	14.584676	18.419384	19.437021
WP_010975092.1	23.899849	21.864834	26.789373	17.793577	14.539474	13.870602	23.475798	26.95891	16.614399
WP_010975112.1	21.563166	22.254135	24.91712	28.132122	18.343355	13.740131	21.001398	25.07852	23.161303
WP_010975118.1	7.760287	19.708258	12.32286	13.245664	19.572521	22.715996	23.585823	39.442707	31.189774
WP_010975154.1	17.112364	15.298968	12.226649	8.429456	10.493504	9.715069	5.451128	13.40288	10.198381
WP_010975172.1	134.74292	148.383179	153.280533	135.84256	139.968277	134.966293	131.055313	125.629768	133.20163
WP_010975180.1	386.671204	336.412445	371.1604	358.788879	345.197266	359.520721	406.172974	418.003845	385.515472
WP_010975182.1	4.368031	8.049848	6.000888	2.608147	7.783342	3.237631	8.085938	0.847909	4.066205
WP_010975198.1	33.650063	27.845537	33.479988	18.595938	29.846403	19.199411	17.536108	14.454896	9.462234
WP_010975202.1	12.136319	6.728219	10.617194	1.270294	4.296566	2.393537	7.689816	3.321281	6.857791
WP_010975207.1	38.193649	31.184853	27.818933	35.305954	24.964537	27.964952	28.349401	33.692345	33.35218
WP_010975217.1	190.906616	195.51535	183.63768	135.410278	142.851669	159.839371	173.554581	218.207184	165.676575
WP_010975222.1	79.348961	76.295753	75.49292	56.02216	65.47435	57.095863	116.968445	89.930267	105.210617
WP_010975225.1	135.912292	134.246597	125.934517	64.274246	61.546291	75.076569	110.47625	126.403839	109.813278
WP_010975229.1	9.114007	21.751511	14.240623	8.452271	7.914544	6.258639	10.43475	8.329713	6.284804
WP_010975243.1	188.450943	183.265442	181.908478	159.650558	165.56572	170.254654	137.340607	121.453773	127.564171
WP_010975250.1	99.885857	118.808022	112.262169	88.532036	102.730385	101.45726	82.872826	65.736412	65.624092
WP_010975257.1	11.367139	15.538683	15.552102	15.229249	11.462029	11.805565	16.931093	15.700974	12.369496
WP_010975278.1	6.594631	7.681668	11.182993	7.752131	5.256647	4.323597	8.330564	10.556535	7.362307
WP_010975284.1	23.364784	29.902744	25.34305	28.780451	25.565845	25.878193	24.540188	16.477362	20.926048
WP_010975290.1	141.696182	133.379303	127.531418	87.523018	93.748466	90.8461	92.677238	87.258972	84.006935
WP_010975322.1	71.381325	94.996979	97.722816	84.688171	83.623947	80.270035	74.71949	67.023346	78.872879
WP_010975323.1	77.666916	76.551056	86.068947	81.508934	78.532913	65.350952	66.917526	84.067459	57.127125
WP_010975324.1	147.746109	176.456741	139.170013	141.769608	162.617798	151.15213	189.580597	186.485077	181.663391
WP_010975336.1	34.287304	35.233818	37.85181	34.162235	27.414877	21.859249	28.29472	29.698179	31.907295
WP_010975344.1	202.511505	207.573456	233.667603	159.467331	195.960678	150.439545	192.993668	218.25528	218.69989
WP_010975369.1	71.326073	67.018562	58.579365	34.341671	36.19318	33.465527	32.500324	31.277826	39.824097
WP_010975397.1	27.20759	15.059512	21.374659	21.80995	19.305899	15.437119	16.849628	20.855198	14.537574
WP_010975411.1	58.085732	51.403709	46.916084	55.579201	67.195366	66.494659	44.084213	47.566822	32.725891
WP_010975470.1	12.196827	12.77462	15.579096	6.559795	10.249788	7.980785	10.9999	10.115739	15.639929
WP_010975478.1	85.778984	79.916618	88.591553	74.868744	84.28241	64.671036	56.025608	51.053551	58.499195
WP_010975483.1	23.713093	20.319637	17.373228	21.793684	27.863611	24.156027	24.593624	17.805019	33.336769
WP_010975489.1	15.839616	15.895318	11.954391	12.504402	12.19688	11.541375	10.729741	10.402432	8.524198
WP_010975498.1	23.961975	26.860889	19.946896	22.373306	26.820589	15.061276	13.239928	28.821674	24.668171
WP_010975525.1	238.738602	209.837372	211.790558	248.575775	232.082275	230.988678	144.854401	163.943527	150.254425
WP_010975589.1	60.210094	57.644978	64.844948	39.061588	46.476318	40.613876	39.05357	49.950737	46.010944
WP_010975610.1	17.199387	19.511286	12.366846	15.046573	17.618845	16.807909	15.701036	10.033778	18.967339
WP_010975625.1	67.02256	62.572418	52.922188	60.328243	52.941551	64.949883	74.698532	59.244411	54.789242
WP_010975634.1	111.685905	109.693443	100.219887	100.363365	116.828026	84.509628	86.706482	101.456207	77.250198
WP_010975658.1	29.702139	30.686071	23.135073	22.482346	27.039476	26.79554	39.035473	37.577431	37.052437
WP_010975666.1	221.280624	231.272537	220.820572	198.830338	221.563721	207.500183	206.334091	243.737808	233.316315
WP_010975673.1	81.237526	64.338158	67.251343	65.652802	64.296326	59.239178	60.146206	62.402531	58.010342
WP_010975698.1	26.572508	34.077282	36.155224	15.213618	15.435405	21.566225	19.313774	16.986876	22.236265
WP_010975714.1	89.822746	87.537003	90.10379	69.261734	67.469063	72.528236	71.717491	68.645569	74.78624
WP_010975758.1	63.262417	49.141586	74.13372	88.949127	103.559189	83.75724	109.687836	93.811569	121.225662
WP_010975761.1	8.618801	6.615563	7.27655	6.114394	8.901846	10.566901	8.751712	8.791314	12.146869
WP_010975769.1	130.480301	146.458969	128.605804	90.272125	113.305153	108.030212	119.08297	132.712723	116.724236
WP_010975786.1	6.44684	6.650118	8.204734	11.478028	9.367096	6.289734	8.7449	10.165316	10.115603
WP_010975799.1	32.701561	20.473337	20.200731	23.53129	17.910494	27.530439	17.854263	18.216911	16.493595
WP_010975802.1	69.489098	61.434071	54.697876	88.890419	77.930962	60.812611	59.166054	57.196838	64.488411
WP_010975804.1	33.556889	55.222313	44.089649	50.926331	63.124123	60.080585	44.292515	35.624798	32.897846
WP_010975805.1	32.571808	27.218903	34.900322	27.322321	22.483643	17.295134	15.335796	16.74519	20.365925
WP_010975825.1	78.282845	77.536316	67.45826	78.304092	85.236763	63.524727	42.146427	47.432915	50.099258
WP_010975829.1	29.623178	16.418535	13.558314	40.604736	19.376757	19.745346	28.399487	27.853392	37.773621
WP_010975842.1	29.079109	28.064123	26.189756	24.004646	24.322405	28.25123	20.537252	22.646923	21.531069
WP_010975856.1	55.559437	77.386726	63.920254	69.246323	60.035831	61.323166	70.95063	58.635494	43.917686
WP_010975877.1	95.950684	112.889687	92.042206	96.844139	101.562691	100.255936	101.946564	114.41761	86.174759
WP_010975884.1	34.103107	24.24333	26.238966	23.56068	23.040548	21.25433	24.525469	21.664104	17.558933
WP_010975891.1	29.838882	34.566944	26.601267	24.846828	28.764757	20.842449	37.732018	44.085686	46.616737
WP_010975906.1	63.043255	61.76329	75.78952	57.598652	56.817249	43.85844	107.329201	107.896057	112.692711
WP_010975913.1	542.699036	524.014221	534.42688	471.475647	503.311646	502.534332	489.061218	430.497437	500.28241
WP_010975917.1	341.064758	331.686371	339.268127	296.731842	282.472137	296.637543	310.837524	307.38678	335.674103
WP_010975930.1	20.832132	22.115847	17.883587	12.903014	15.065568	18.796417	9.333992	14.09019	8.374036
WP_010975935.1	15.61207	13.900792	19.513836	11.940918	7.17104	16.484735	12.070707	5.122204	6.883138
WP_010975940.1	17.956003	10.905647	18.449989	10.202978	11.25858	8.973912	5.737242	8.395207	5.58434
WP_010975956.1	64.480263	50.736774	64.302986	51.185871	46.71677	45.582134	49.45005	56.302761	63.310982
WP_010975981.1	34.938194	28.806761	35.427525	30.185877	27.391636	31.223814	20.496073	15.093311	25.326738
WP_010975990.1	45.940567	61.212757	49.883961	50.274799	53.500084	61.000671	59.183121	54.921837	29.716688
WP_010976006.1	44.675068	49.213612	61.389893	47.784725	28.227194	38.884636	43.423447	57.286613	61.872402
WP_010976012.1	14.678936	14.237367	13.169008	10.884298	7.784691	9.303028	11.739616	14.663099	15.624871
WP_010976033.1	30.704519	34.908756	35.651932	79.953651	53.464874	77.056366	159.800522	138.419739	169.484695
WP_010976039.1	132.363251	108.491005	108.160332	116.585648	124.36673	101.213142	88.585762	80.038254	107.366287
WP_010976042.1	6.255952	11.288686	28.296158	15.069298	10.827071	14.137401	7.425	16.014097	13.771423
WP_010976071.1	48.826904	53.732235	67.828003	40.383381	49.631634	37.241562	57.023407	60.504528	62.198013
WP_010976088.1	60.442734	58.942745	59.753468	43.450333	47.862278	48.249561	42.196621	35.142941	46.094223
WP_010976106.1	18.749893	16.957273	13.736796	22.360064	17.272308	17.341951	25.723152	22.18659	19.335705
WP_010976128.1	143.448471	161.399292	203.67804	620.661438	565.238281	507.886322	485.361847	605.606079	538.405518
WP_010976139.1	26.430136	22.85364	30.520115	18.435928	18.213545	22.334074	42.340202	44.530758	40.536686
WP_010976146.1	10.626526	11.969472	13.821905	4.454073	6.771595	6.481607	15.932663	10.70779	5.877661
WP_010976148.1	6.958228	4.459499	6.843845	1.589494	2.028777	2.901985	6.471725	5.255747	4.235611
WP_010976165.1	24.803633	19.78689	30.139572	28.491877	24.297127	24.605391	17.225986	21.99975	31.135582
WP_010976167.1	43.835045	46.463661	55.148407	31.499592	28.183065	23.599716	23.311607	32.738739	28.711216
WP_010976170.1	420.718414	356.525604	397.434204	322.009186	349.300568	294.180695	244.626404	297.061615	333.939301
WP_010976184.1	55.323387	57.885849	51.056103	38.715702	43.547882	43.167381	49.987827	50.085232	58.887257
WP_010976195.1	118.519653	115.791039	121.685432	77.489479	80.896278	82.488693	84.644112	60.402363	74.72773
WP_010976222.1	13.036093	15.495891	23.267485	10.727424	10.987262	9.717789	15.093955	17.437794	15.746367
WP_010976234.1	42.629894	57.485668	42.477711	33.973385	39.497379	28.142906	41.626686	45.749805	40.120552
WP_010976236.1	21.498476	23.220039	40.80415	24.543694	27.820381	30.770164	25.805952	19.952602	27.212915
WP_010976263.1	16.399128	17.085682	15.035383	10.84696	11.943412	15.479413	11.522028	12.274707	11.224252
WP_010976273.1	5.340853	3.601325	3.210323	2.902846	8.093962	7.419219	2.480013	4.66327	1.785305
WP_010976285.1	46.032997	36.949684	43.154778	33.303627	38.821709	33.685074	41.559475	47.464283	38.148075
WP_010976293.1	949.845032	1010.196167	974.404358	951.890442	1038.961914	1098.771484	830.704224	851.943604	859.598206
WP_010976294.1	450.65799	452.622681	460.95163	425.347046	456.229156	435.413513	489.660767	485.702301	477.692139
WP_010976315.1	34.605389	38.523247	37.314857	32.188141	27.279346	22.439737	23.315868	27.990911	26.809433
WP_010976325.1	19.471937	33.403831	38.928638	20.689192	26.903282	29.993444	26.793774	30.720987	33.120781
WP_010976339.1	364.413208	360.16095	381.911652	345.52356	330.794952	323.098846	295.099274	273.247589	287.31958
WP_013843956.1	23.60269	35.672531	35.110123	24.413845	28.868155	24.635117	24.585726	22.333277	37.596992
WP_013843958.1	87.480721	56.135548	68.666649	44.129398	58.84145	55.397213	29.63434	30.791742	27.649117
WP_013844065.1	37.464382	34.798473	45.096569	33.80983	28.947676	32.136517	26.403269	23.651251	19.555563
WP_013844080.1	108.364754	96.340439	90.293259	69.822762	81.805046	80.035072	95.670258	107.673294	127.122795
WP_013844102.1	137.581009	133.04834	150.037048	143.07016	149.49501	121.931747	116.688484	145.966995	142.823822
WP_013844129.1	436.656189	437.866058	417.642517	590.152039	516.109131	560.807922	442.430237	420.202881	389.736115
WP_013844136.1	24.781704	31.097654	36.164539	31.698092	21.417442	29.933603	29.629755	29.046389	37.814167
WP_013844230.1	48.825035	42.999283	64.500137	58.683323	39.230972	35.219997	55.923546	57.327179	68.492043
WP_013844460.1	277.785767	335.704193	317.204681	368.403229	308.459045	347.764862	252.927124	312.673492	321.036713
WP_013844465.1	116.959885	112.733116	117.401794	125.448608	122.053993	121.389748	87.018829	87.032333	90.563049
WP_013844471.1	318.732758	286.551636	302.146423	293.942627	259.19043	275.867767	257.56427	265.46933	269.240143
WP_013844592.1	40.843491	53.405762	32.982655	19.176342	30.152603	25.485209	34.247063	46.424198	45.961281
WP_013844605.1	32.574566	23.066772	31.044741	42.492058	11.957357	16.767336	36.25153	42.804653	26.765102
WP_013844609.1	22.344889	8.826365	15.143538	12.995837	11.620383	11.537087	14.292196	22.107691	35.025196
WP_013844647.1	57.08564	59.996845	61.098469	46.259308	51.757439	58.745983	61.808914	58.328568	63.824947
WP_013844664.1	71.858978	68.855156	58.71891	47.575565	40.569363	54.548229	79.132607	79.853447	78.351601
WP_013844741.1	24.71578	24.236439	31.652962	26.960794	31.381021	25.787291	42.076611	27.242945	33.861275
WP_013844795.1	7.359594	2.087634	0.0	0.0	4.169398	1.825392	2.278125	2.92429	5.610152
WP_013844825.1	298.09082	302.772827	267.256897	274.732788	260.01474	267.839447	256.447266	280.433044	260.524963
WP_013844837.1	69.446243	74.818802	72.162315	69.9189	82.744766	76.639389	86.027824	71.163559	95.558319
WP_013844890.1	25.521416	22.061951	27.709482	18.3298	19.829767	17.293543	21.810013	25.566633	20.240807
WP_013844898.1	24.955856	26.030663	16.630165	13.833343	22.137558	17.181126	24.921337	19.676897	15.460225
WP_013844910.1	210.722595	235.636749	216.609512	177.731735	184.118942	194.275299	229.212982	237.400177	229.375412
WP_013845059.1	28.821409	19.762934	26.098051	26.9853	15.036448	24.338564	16.928221	23.939247	21.512777
WP_013845460.1	43.519863	24.872564	25.668648	19.404007	22.124437	16.647062	10.920605	32.117569	8.77234
WP_013845572.1	36.170643	54.033901	43.844898	40.958828	30.154802	30.407928	42.963467	34.792061	26.493689
WP_013845596.1	47.202343	40.784191	41.231438	36.613556	29.426353	39.104794	55.583122	75.573669	56.169003
WP_013845598.1	29.934948	29.881161	27.329565	22.232212	31.639666	34.118748	36.109592	26.807035	30.720419
WP_013845653.1	18.542833	29.034042	30.253927	24.604574	27.198603	19.067652	30.036486	22.759869	23.07147
WP_013845873.1	16.604084	13.105702	18.865017	13.337778	13.0683	16.772202	4.964062	8.636425	10.328568
WP_013845892.1	8.892506	10.056258	9.957014	9.642243	9.027797	11.474772	6.351137	9.621808	9.293585
WP_013845917.1	20.413559	20.129461	8.040123	19.611692	18.095865	17.383541	13.765844	15.497385	10.548691
WP_013850162.1	13.329265	12.264849	16.825813	10.536757	11.367303	5.67467	7.707193	8.217374	7.876449
WP_013850456.1	20.236063	22.397457	26.820154	9.118484	15.138662	23.999229	32.190685	44.334629	20.186958
WP_013850559.1	107.154633	108.864395	91.323166	102.336708	82.599632	90.445015	83.921143	69.187103	75.404915
WP_013850579.1	63.53904	93.949837	78.920837	56.397629	63.755169	59.904213	90.450768	73.613991	71.32827
WP_013850619.1	14.338422	12.619655	16.625275	9.17313	8.966407	13.990672	20.685476	16.589415	14.609771
WP_013850756.1	112.356651	123.506493	114.100739	113.105598	118.732674	117.821632	74.959488	103.142479	81.347206
WP_014526599.1	38.380863	20.935564	17.179977	23.356796	29.540258	26.884621	41.356319	37.220169	31.127726
WP_014526639.1	84.535561	73.132744	69.246483	53.132504	57.085876	62.147118	39.085808	56.246975	41.571365
WP_014526651.1	149.016251	165.893829	174.787018	107.829102	103.037811	118.05098	157.483887	161.039597	152.19632
WP_014526652.1	100.542404	96.518555	109.645927	79.422844	73.003479	68.731812	63.000458	72.662239	60.852356
WP_014526688.1	14.376142	16.259163	14.787526	17.069088	17.239931	20.468676	22.430201	25.521845	21.637533
WP_014526714.1	25.909328	23.106312	20.293316	12.98739	12.895989	19.498508	27.757458	29.938225	24.013151
WP_014526828.1	24.105495	35.868443	26.757961	26.844004	26.697245	27.081738	23.647556	30.829613	26.792158
WP_014526839.1	17.98027	15.320809	13.872736	20.442265	14.201558	13.365404	10.144655	11.139535	10.091466
WP_014527123.1	26.16263	29.871206	18.084791	58.060261	72.444267	70.998749	84.241402	85.979622	85.450935
WP_014527194.1	38.259399	32.833622	39.620117	33.181545	33.195705	45.416679	40.804234	42.639565	42.790646
WP_014527525.1	182.86348	169.493179	182.607224	192.033676	178.428452	169.925491	198.230988	222.890289	207.310379
WP_014527586.1	16.659485	10.790811	11.452991	10.837911	9.075284	11.244253	7.47574	12.674677	14.56239
WP_014527856.1	89.663582	52.474361	87.61515	57.878113	64.966225	55.672859	43.963394	43.157143	59.062443
WP_014528379.1	16.917425	26.86681	17.786751	19.775396	15.09493	23.562702	33.892231	30.59437	36.808151
WP_014528694.1	36.95985	43.033768	37.428219	31.150141	33.130848	35.241718	32.804592	34.731831	32.158825
WP_014528908.1	97.284584	100.134979	101.593697	59.706223	65.184662	72.123535	75.870216	83.773933	81.364304
WP_014529109.1	95.332359	82.389275	112.061272	80.757278	84.906357	82.814316	84.664482	67.623924	83.979668
WP_015243320.1	74.405518	75.053375	82.045517	72.190178	66.701637	71.763283	53.91563	62.093441	56.036098
WP_015243488.1	46.33506	38.939632	35.905552	25.982548	33.931488	26.002562	20.980505	21.846159	25.17128
WP_015445392.1	7.821107	6.031657	11.975764	3.777401	4.154844	3.791199	4.030529	6.349909	4.306872
WP_015445411.1	206.223145	212.713074	221.943069	168.934875	168.719528	160.539246	148.478683	157.90741	152.257584
WP_015445437.1	72.223778	75.878296	81.983925	66.217171	76.765213	70.611649	61.192657	56.061489	50.293297
WP_015445481.1	47.856918	43.72411	50.925781	33.869976	46.195454	36.125443	25.701942	43.185844	37.488281
WP_015445499.1	64.31572	63.920696	70.315666	68.049095	64.393364	83.750313	44.343441	46.186443	46.369751
WP_015445553.1	27.199818	19.841328	23.670639	15.876731	9.262613	12.675704	19.481462	9.855851	22.457663
WP_015445615.1	60.946918	64.114075	40.890854	76.163734	58.271168	88.56723	71.067322	64.349197	53.087502
WP_015445626.1	12.551616	12.729884	13.530901	12.267073	7.817959	12.163433	12.087936	10.793175	14.14226
WP_015456578.1	364.925262	341.980927	334.274536	296.053009	328.745911	303.575134	349.546051	402.44632	388.093445
WP_015456611.1	8.131001	14.371072	20.873814	9.883286	22.454788	19.318312	36.27726	18.361273	26.184685
WP_015456662.1	140.286957	150.973831	139.276184	126.592361	157.404022	130.310852	121.218582	118.994881	136.093628
WP_015456728.1	58.001724	56.064953	48.383263	48.221661	48.961628	45.566978	45.806499	53.715611	50.782604
WP_017263445.1	26.119209	23.899096	16.03805	11.437407	14.715344	13.51271	30.259853	14.698218	19.993845
WP_017264193.1	154.84288	176.897125	183.547104	161.303909	165.85379	138.863037	142.551315	154.049774	172.584122
WP_017271814.1	19.476555	26.387602	24.403666	24.336023	16.913588	17.707865	18.556009	11.588971	14.27712
WP_017272940.1	9.63447	13.60212	8.908914	6.124131	3.912926	5.902435	9.529738	9.274635	4.251284
WP_017276029.1	110.64637	128.3004	132.170456	107.761856	81.569092	101.736969	113.473381	125.127052	120.107849
WP_017277583.1	15.401484	15.313181	13.501998	11.410645	7.625503	13.998056	8.137969	12.529807	11.085246
WP_027989172.1	59.6231	39.761425	49.33532	35.491211	42.432484	40.07616	40.804478	45.680199	63.698555
WP_033052152.1	12.379246	5.855926	3.826555	5.623994	3.526463	6.28014	2.242486	6.393723	4.455718
WP_040121031.1	14.030338	14.839874	10.144096	4.123358	4.058726	12.463858	12.318749	14.355744	6.211241
WP_041169941.1	9.156161	7.958413	7.560556	5.147987	5.803067	7.895547	8.841294	9.732835	3.220643
WP_041169964.1	14.497648	4.913138	5.696634	17.76688	12.724306	8.21951	13.112311	15.4224	27.551006
WP_041169975.1	13.185899	14.456864	26.410204	18.71998	17.027197	13.530721	4.760331	23.861179	11.641066
WP_041169987.1	43.088451	34.29517	40.387394	43.27367	33.220173	36.933685	25.240433	27.252026	29.834259
WP_041170059.1	18.385027	8.631669	13.95062	7.442611	8.749816	8.794741	12.512982	14.895417	15.267096
WP_041170069.1	47.267391	49.804981	48.141754	42.531437	39.621796	43.61013	42.527649	49.930058	47.643944
WP_041170077.1	45.196236	51.115723	44.317493	60.64679	50.232971	45.339241	43.31572	45.510231	33.561897
WP_041170100.1	8.149038	8.436873	9.002064	5.162628	5.821057	7.562871	8.656344	7.932351	9.168885
WP_041170110.1	77.742722	82.996422	70.714485	56.394382	51.671673	59.179947	58.097858	62.294041	48.928345
WP_041170153.1	69.845139	75.75322	70.574341	66.728065	62.568119	55.852955	72.854713	69.982407	64.873375
WP_041170156.1	69.171036	60.869961	65.505058	76.041481	73.379242	66.824554	59.861832	72.627487	61.138229
WP_086024517.1	11.845846	2.871482	7.303763	2.720031	4.884254	7.885558	6.160893	3.920832	2.694349
WP_162145847.1	12.933247	11.051675	12.056974	6.48242	4.202383	7.976808	10.28574	8.351053	10.935531
WP_162471707.1	11.196939	29.451103	14.359426	17.883198	10.725983	19.666912	13.533751	7.447606	9.859324
WP_164820661.1	17.404701	17.764584	23.496935	28.566597	15.720359	21.778423	28.369104	40.095936	16.953951
WP_164826907.1	350.90033	368.089264	376.896179	353.26001	373.195404	359.979675	351.267487	368.943207	355.18631
WP_190311202.1	19.622875	23.457094	14.108924	17.816088	18.749628	17.273378	26.029081	26.837864	18.085005
WP_227692134.1	59.417439	53.768997	60.495007	40.980522	28.952627	42.165115	61.776066	58.048603	76.455017
WP_234826228.1	37.236641	47.497452	43.48674	39.685658	32.89542	37.868626	22.702839	18.971041	23.454401
