label	category	gene_name	gene_id	acronym	geneProduct	A86_logFC	A256_logFC	A485_logFC	A86256_logFC	A86485_logFC	dnf2_logFC	A86_FDR	A256_FDR	A485_FDR	A86256_FDR	A86485_FDR	dnf2_FDR	A86_sig	A256_sig	A485_sig	A86256_sig	A86485_sig	dnf2_sig
NCR_NFS2_Chr8g0361201	NFS2/NCR	MtrunA17Chr8g0361201	medtr.A17.gnm5.ann1_6.MtrunA17Chr8g0361201	MtNFS2	nitrogen fixation specificity 2|nodule-specific Cysteine-Rich peptide (NCR)	-0.0517089631292288	-0.0290716845321948	-0.982321515427311	-1.31599345604009	1.09489609425841	0.465956016394536	0.999999979788073	1	0.9120170220945	0.455459837472349	1	1	NS	NS	NS	NS	NS	NS
NCR31_Chr3g0095571	NCR	MtrunA17Chr3g0095571	medtr.A17.gnm5.ann1_6.MtrunA17Chr3g0095571	MtNCR031	Nodule-specific Cysteine-Rich peptide	0.247520758567052	-0.117759657076973	-1.2816403901791	-1.21628405314964	1.50099250325093	0.94336514289924	0.999999979788073	1	0.525820628816402	0.583467439867228	0.421904947212842	1	NS	NS	NS	NS	NS	NS
NCR38_Chr1g0174951	NCR	MtrunA17Chr1g0174951	medtr.A17.gnm5.ann1_6.MtrunA17Chr1g0174951	MtNCR038	Nodule-specific Cysteine-Rich peptide	-0.882316664838128	-2.10003325544507	-1.98740551483943	-2.0280569951972	-2.56614111232149	-3.10948425583126	0.999999979788073	0.00911960434280772	0.0151987101886723	0.0118559798554431	0.00118474072622631	6.42983422165387e-05	NS	DOWN	DOWN	DOWN	DOWN	DOWN
NCR51_Chr5g0433121	NCR	MtrunA17Chr5g0433121	medtr.A17.gnm5.ann1_6.MtrunA17Chr5g0433121	MtNCR051	Nodule-specific Cysteine-Rich peptide	-0.65660812964949	-1.59650757319157	-2.2040238465819	-1.98203878832429	1.8230199111947	0.524175740524041	0.999999979788073	0.280017412718388	0.0514701608688199	0.0875207514562753	0.153220682473626	1	NS	NS	NS	NS	NS	NS
NCR117_Chr4g0046481	NCR	MtrunA17Chr4g0046481	medtr.A17.gnm5.ann1_6.MtrunA17Chr4g0046481	MtNCR117	Nodule-specific Cysteine-Rich peptide	0.3573329973354	-0.718119499617213	-1.34973569660061	-1.86925635523901	1.38696655852099	0.363234894544073	0.999999979788073	1	0.394844931293728	0.0720587997742857	0.399013326144785	1	NS	NS	NS	NS	NS	NS
NCR169_Chr7g0229931	NCR	MtrunA17Chr7g0229931	medtr.A17.gnm5.ann1_6.MtrunA17Chr7g0229931	MtNCR169	Nodule-specific Cysteine-Rich peptide (corresponds to dnf7 mutation)	0.0437575086757356	-0.208275175353304	-0.113712810329411	-0.41119154328342	-2.75585990691513	-3.00100425138605	0.999999979788073	1	1	1	0.00197790958806143	0.000366364539914807	NS	NS	NS	NS	DOWN	DOWN
NCR211_DNF4_Chr4g0018031	NCR	MtrunA17Chr4g0018031	medtr.A17.gnm5.ann1_6.MtrunA17Chr4g0018031	MtNCR211	Nodule-specific Cysteine-Rich peptide	0.42999282526607	0.00252888225687708	-0.387867406261995	-0.0596458375245874	0.462883188400499	-0.679528911929108	0.999999979788073	1	1	1	1	1	NS	NS	NS	NS	NS	NS
NCR247_Chr5g0423671	NCR	MtrunA17Chr5g0423671	medtr.A17.gnm5.ann1_6.MtrunA17Chr5g0423671	MtNCR247	Nodule-specific Cysteine-Rich peptide	-1.23381239426236	-1.75290926406157	-1.82824031367033	-1.81796769389405	-0.0679955753658	-1.10263437618805	0.792598196123873	0.0504643779038073	0.0328721063573248	0.0328104437218039	1	0.717608320372274	NS	NS	DOWN	DOWN	NS	NS
NCR252_Chr2g0302921	NCR	MtrunA17Chr2g0302921	medtr.A17.gnm5.ann1_6.MtrunA17Chr2g0302921	MtNCR252	Nodule-specific Cysteine-Rich peptide	-0.15888331343032	-1.10086675231582	-1.74885495891508	-1.58430824373118	1.61099569252061	0.476148847198491	0.999999979788073	0.774732082081711	0.155665087650376	0.227278340508801	0.22518124862095	1	NS	NS	NS	NS	NS	NS
NCR343_Chr6g0467511	NCR	MtrunA17Chr6g0467511	medtr.A17.gnm5.ann1_6.MtrunA17Chr6g0467511	MtNCR343	Nodule-specific Cysteine-Rich peptide	-0.517260271688499	-1.49284130247574	-1.22310414306411	-1.33508200284628	-1.66194276384501	-1.41184504343474	0.999999979788073	0.164684067967427	0.464770166334631	0.291782266267367	0.0963193649760397	0.216792851209941	NS	NS	NS	NS	NS	NS
NCR369_Chr7g0233981	NCR	MtrunA17Chr7g0233981	medtr.A17.gnm5.ann1_6.MtrunA17Chr7g0233981	MtNCR369	Nodule-specific Cysteine-Rich peptide	-0.361441822134737	-0.393558441416879	-0.615384479215296	-0.745261406927445	-2.32433706582489	-2.6363668210605	0.999999979788073	1	1	1	0.00853000264327781	0.00108901441897677	NS	NS	NS	NS	DOWN	DOWN
NCR533_Chr1g0175221	NCR	MtrunA17Chr1g0175221	medtr.A17.gnm5.ann1_6.MtrunA17Chr1g0175221	MtNCR533	Nodule-specific Cysteine-Rich peptide	-1.22949754351445	-2.89726196105121	-2.57024988870087	-4.19436575590757	-1.73479465353188	-1.44417453528454	0.999999979788073	0.0634258068327966	0.0956314232838416	0.0152539806470603	0.442477945084597	0.525403198099592	NS	NS	NS	DOWN	NS	NS
NCR539_Chr2g0279181	NCR	MtrunA17Chr2g0279181	medtr.A17.gnm5.ann1_6.MtrunA17Chr2g0279181	MtNCR539	Nodule-specific Cysteine-Rich peptide	-0.494494355464018	-0.930663515566001	-2.14960953078787	-2.14676085367132	0.302685891164199	-0.477842635572267	0.999999979788073	1	0.0649779895806861	0.0610993363388866	1	1	NS	NS	NS	NS	NS	NS
NCR658_Chr5g0425031	NCR	MtrunA17Chr5g0425031	medtr.A17.gnm5.ann1_6.MtrunA17Chr5g0425031	MtNCR658	Nodule-specific Cysteine-Rich peptide	0.937167195736552	1.08189753190836	1.41720790896799	1.88873399680807	-3.30186945783804	-2.37611143978507	0.999999979788073	0.813741401725674	0.388281427038483	0.0880463123270285	0.0161943261341138	0.0552711880890111	NS	NS	NS	NS	DOWN	NS
NCR660_Chr5g0429331	NCR	MtrunA17Chr5g0429331	medtr.A17.gnm5.ann1_6.MtrunA17Chr5g0429331	MtNCR660	Nodule-specific Cysteine-Rich peptide	-0.333192460484278	-1.49886638307084	-2.29961568915872	-1.11751144548834	-1.15852108497114	-0.667861287205927	0.999999979788073	0.492718587059386	0.141040914600152	0.773840937894275	1	1	NS	NS	NS	NS	NS	NS
NCR739_Chr8g0357471	NCR	MtrunA17Chr8g0357471	medtr.A17.gnm5.ann1_6.MtrunA17Chr8g0357471	MtNCR739	Nodule-specific Cysteine-Rich peptide	-1.54387259381267	-3.13469116363197	-3.45209012400283	-3.3755583744686	-1.60159506081679	-2.76239685880291	0.557769396487594	0.00372365008432968	0.00162254654420327	0.00180796460708997	0.374944511039585	0.00596270478906299	NS	DOWN	DOWN	DOWN	NS	DOWN
MYB3R1_Chr3g0139671	Regulatory	MtrunA17Chr3g0139671	medtr.A17.gnm5.ann1_6.MtrunA17Chr3g0139671	MtMYB120	Myeloblastosis (MYB) transcription factor 120	-0.970255965148843	-0.453272432137462	-0.220465676334744	0.114110891654367	1.40235242907069	1.42738063281387	0.999999979788073	1	1	1	0.473156832039609	0.307687354799298	NS	NS	NS	NS	NS	NS
AUR1_Chr3g0140631	Regulatory	MtrunA17Chr3g0140631	medtr.A17.gnm5.ann1_6.MtrunA17Chr3g0140631	""	""	-0.956454394474186	-0.0650537947931538	-0.116467381464693	-0.444042664729556	1.9646159469607	1.55201584447106	0.999999979788073	1	1	1	0.0331615019864062	0.151228375869804	NS	NS	NS	NS	UP	NS
SYFO1_Chr5g0414941	Regulatory	MtrunA17Chr5g0414941	medtr.A17.gnm5.ann1_6.MtrunA17Chr5g0414941	MtSYFO1	SYMBIOTIC FORMIN1	-0.693009985100173	-0.0604297305882059	0.178670474077703	0.0925947094696823	-0.116897035891772	0.339087983623524	0.999999979788073	1	1	1	1	1	NS	NS	NS	NS	NS	NS
SYFO1L_Chr8g0364331	Regulatory	MtrunA17Chr8g0364331	medtr.A17.gnm5.ann1_6.MtrunA17Chr8g0364331	MtSYFO1L	SYMBIOTIC FORMIN 1-LIKE	-1.25907169309024	-1.27607212254861	-1.70938449774022	-0.869611985572302	1.95136245212449	1.16153706724171	0.787376343406354	0.458255531424018	0.101159553584424	1	0.0136232480004997	0.578243262637225	NS	NS	NS	NS	UP	NS
RPG_Chr1g0197491	Regulatory	MtrunA17Chr1g0197491	medtr.A17.gnm5.ann1_6.MtrunA17Chr1g0197491	MtRPG	Rhizobium-directed polar growth	-0.204680580630807	-0.782493012255738	-1.24678970216984	-1.71678757128131	-0.754415617090745	-1.23489847470646	0.999999979788073	1	0.490362968303697	0.0897521890141768	1	0.526273824836072	NS	NS	NS	NS	NS	NS
NPL_Chr3g0123331	Regulatory	MtrunA17Chr3g0123331	medtr.A17.gnm5.ann1_6.MtrunA17Chr3g0123331	MtNPL	nodulation pectate lyase (LjNPL orthologue)	-2.03523483345923	-1.78657014540008	-3.92313114302128	-4.65082701375421	2.34790601243465	0.395476509742538	0.379794768901214	0.32373098630197	0.0184591497236313	0.00928841425796241	0.0420037685483608	1	NS	NS	DOWN	DOWN	UP	NS
Lb1_Chr5g0435611	Leghemoglobin	MtrunA17Chr5g0435611	medtr.A17.gnm5.ann1_6.MtrunA17Chr5g0435611	MtLb1|MtLb7	leghemoglobin1	-0.213720356379044	-0.664195460688861	-1.38393859570737	-1.31637473477441	-3.22350234456521	-3.29782708245622	0.999999979788073	1	0.408494545166781	0.460122866548363	0.00190002565798134	0.000669807662770383	NS	NS	NS	NS	DOWN	DOWN
Lb2_Chr5g0427351	Leghemoglobin	MtrunA17Chr5g0427351	medtr.A17.gnm5.ann1_6.MtrunA17Chr5g0427351	MtLb2|MtLb6|MtLb1	leghemoglobin2	-0.338842537503896	-0.234772815342711	-0.0840921386899913	-0.247053159383389	-3.24671913121928	-4.24011808190237	0.999999979788073	1	1	1	0.00106295012168228	2.98679772869621e-05	NS	NS	NS	NS	DOWN	DOWN
Lb4_Chr1g0148751	Leghemoglobin	MtrunA17Chr1g0148751	medtr.A17.gnm5.ann1_6.MtrunA17Chr1g0148751	MtLb4|MtLb1|MtLb2	leghemoglobin4	-0.448124713772947	-0.514867729483431	-0.163584062200882	-0.254489419019803	-2.66304388003843	-3.32804097431825	0.999999979788073	1	1	1	0.00770101716637532	0.000484712820659022	NS	NS	NS	NS	DOWN	DOWN
Lb5_Chr5g0417631	Leghemoglobin	MtrunA17Chr5g0417631	medtr.A17.gnm5.ann1_6.MtrunA17Chr5g0417631	MtLb5	leghemoglobin5	-0.449703151522955	-0.882812162733107	-0.912463028998942	-0.90975504082382	-2.87125979792955	-2.89689629260571	0.999999979788073	1	1	0.980453843162657	0.00658112068549469	0.0030048985489492	NS	NS	NS	NS	DOWN	DOWN
Lb6_Chr5g0435621	Leghemoglobin	MtrunA17Chr5g0435621	medtr.A17.gnm5.ann1_6.MtrunA17Chr5g0435621	MtLb6|MtLb8	leghemoglobin6	-0.268880537144806	-0.295224795612898	-0.0628760590874202	-0.114273872407971	-2.49300840637897	-3.15822205862529	0.999999979788073	1	1	1	0.00866068940627303	0.000424204897508435	NS	NS	NS	NS	DOWN	DOWN
Lb7_Chr5g0435981	Leghemoglobin	MtrunA17Chr5g0435981	medtr.A17.gnm5.ann1_6.MtrunA17Chr5g0435981	MtLb7|MtLb10	leghemoglobin7	-0.323452056868545	-0.338037590928089	-0.00873614855003245	-0.185503834716473	-2.52294570115132	-2.86847093483862	0.999999979788073	1	1	1	0.0110650080124918	0.00166187416074951	NS	NS	NS	NS	DOWN	DOWN
Lb8_Chr1g0197531	Leghemoglobin	MtrunA17Chr1g0197531	medtr.A17.gnm5.ann1_6.MtrunA17Chr1g0197531	MtLb8|MtLb4	leghemoglobin8	-0.310499213652061	-0.422392587896869	-0.423527526489941	-0.454682362140939	-1.4430102754458	-2.33348201698857	0.999999979788073	1	1	1	0.313343920777783	0.00185942851681555	NS	NS	NS	NS	NS	DOWN
Lb9_Chr5g0435991	Leghemoglobin	MtrunA17Chr5g0435991	medtr.A17.gnm5.ann1_6.MtrunA17Chr5g0435991	MtLb9|MtLb11	leghemoglobin9	-0.288687953786103	-0.269436891375572	-0.210472663632163	-0.254415254039513	-1.17945771459271	-2.2048225598346	0.999999979788073	1	1	1	0.757817299007795	0.00199843095944569	NS	NS	NS	NS	NS	DOWN
Lb10_Chr1g0170851	Leghemoglobin	MtrunA17Chr1g0170851	medtr.A17.gnm5.ann1_6.MtrunA17Chr1g0170851	MtLb10|MtLb2	leghemoglobin10	-0.366569995114056	-0.591201200624018	-0.599873108648386	-0.354219079095124	-2.00932981541013	-2.42276217102291	0.999999979788073	1	1	1	0.0383974165733556	0.00308572246672894	NS	NS	NS	NS	DOWN	DOWN
Lb11_Chr7g0270491	Leghemoglobin	MtrunA17Chr7g0270491	medtr.A17.gnm5.ann1_6.MtrunA17Chr7g0270491	MtLb1|MtLb12	leghemoglobin11	1.49118020717804	0.0782184960792523	-1.62128614375639	-1.90088465107259	-1.51462217173861	-2.50638501357036	0.342493386682843	1	0.119472711884953	0.0338548570829118	0.25164635796509	0.00146833165945339	NS	NS	NS	DOWN	NS	DOWN
SymCRK_Chr3g0119041	Symbiosis	MtrunA17Chr3g0119041	medtr.A17.gnm5.ann1_6.MtrunA17Chr3g0119041	MtSymCRK	symbiotic cys-rich receptor-like kinase	-0.444330318245535	-0.473729550812086	-0.891420897578839	-1.22238700479053	-1.04151993277657	-1.95005750515361	0.999999979788073	1	1	0.359521595372965	1	0.00244449790217032	NS	NS	NS	NS	NS	DOWN
NAD1_Chr7g0222521	Symbiosis	MtrunA17Chr7g0222521	medtr.A17.gnm5.ann1_6.MtrunA17Chr7g0222521	MtNAD1	Nodules with Activated Defense 1	-0.666656907418355	-1.00231364881161	-1.1720060772328	-1.20875448119359	-1.04626359431904	-2.31086601875858	0.999999979788073	0.910289949754008	0.463222801237539	0.37258819717018	1	0.000173853814308269	NS	NS	NS	NS	NS	DOWN
Rgene_Chr5g0409991	Defense	MtrunA17Chr5g0409991	medtr.A17.gnm5.ann1_6.MtrunA17Chr5g0409991	Disease resistance protein-1	Disease resistance protein, CC-NBS-LRR class	1.02973505914359	1.40367776774674	1.24347930466302	0.814549161152039	-2.29740574503833	0.730801112791323	0.999999979788073	0.35391698971306	0.523813745476699	1	0.0900323416834066	1	NS	NS	NS	NS	NS	NS
PR3_Chr3g0145981	Defense	MtrunA17Chr3g0145981	medtr.A17.gnm5.ann1_6.MtrunA17Chr3g0145981	MtPR3	pathogenesis related protein 3 (defense response-activated chitinase)	3.72874778305474	4.52179645726979	4.46547321315795	4.20655590212912	0.779271165554928	4.25923727187008	0.000286611694686804	7.87503330614536e-06	1.00540501673144e-05	1.38384028356959e-05	1	5.09283293312004e-06	UP	UP	UP	UP	NS	UP
PR5_Chr8g0386351	Defense	MtrunA17Chr8g0386351	medtr.A17.gnm5.ann1_6.MtrunA17Chr8g0386351	""	""	1.019678725059	2.15836436444371	2.70083636188714	2.26786934454187	0.858746908138006	4.80344696581638	0.999999979788073	0.0470738497604963	0.00584166626787508	0.0283870999392206	1	4.93407999707943e-06	NS	UP	UP	UP	NS	UP
PR10_Chr6g0462311	Defense	MtrunA17Chr6g0462311	medtr.A17.gnm5.ann1_6.MtrunA17Chr6g0462311	""	""	3.89596034114106	5.04773078943616	4.56425841041103	4.89472365350538	0.357972627572585	5.65114442316276	0.0457684205358721	0.00104220803987724	0.00351358390020613	0.00135001246358594	1	8.77372887200102e-05	UP	UP	UP	UP	NS	UP
LYK3_Chr5g0439631	Receptor	MtrunA17Chr5g0439631	medtr.A17.gnm5.ann1_6.MtrunA17Chr5g0439631	MtLYK3	LysM domain-containing receptor-like kinase 3	1.6545566075007	1.93866168613505	1.92161703584486	1.94885012261417	1.81968059241825	1.17240413465324	0.277265382972501	0.0440312880422827	0.0448744968998436	0.0377996780609774	0.0942974148502224	0.645138444417442	NS	UP	UP	UP	NS	NS
NFP_Chr5g0403371	Receptor	MtrunA17Chr5g0403371	medtr.A17.gnm5.ann1_6.MtrunA17Chr5g0403371	MtNFP	Nod factor perception	-0.882406285993906	-0.113986207309367	-0.330608776588843	-0.386328950987624	1.66166912920571	1.08986641663978	0.999999979788073	1	1	1	0.224176099537476	0.797992016036736	NS	NS	NS	NS	NS	NS
NFRe_Chr5g0439571	Receptor	MtrunA17Chr5g0439571	medtr.A17.gnm5.ann1_6.MtrunA17Chr5g0439571	MtLYK6	LysM domain-containing receptor-like kinase 6	1.02762494163369	1.22923628997213	1.52321960746765	2.07205878826237	0.0471062041029245	-1.5164695745346	0.999999979788073	0.68528291943255	0.378891039967292	0.0882633672957694	1	0.508415529730075	NS	NS	NS	NS	NS	NS
