ID	Description	GeneRatio	BgRatio	RichFactor	FoldEnrichment	zScore	pvalue	p.adjust	qvalue	geneID	Count	geneSymbols
map00910	Nitrogen metabolism	6/72	36/5968	0.166666666666667	13.8148148148148	8.52174517819293	3.653177133201e-06	0.000452993964516924	0.000442226705598015	MtrunA17_Chr1g0178591/MtrunA17_Chr7g0257091/MtrunA17_Chr4g0044831/MtrunA17_Chr6g0479141/MtrunA17_Chr4g0028551/MtrunA17_Chr1g0157851	6	MtrunA17Chr1g0178591/MtrunA17Chr7g0257091/MtrunA17Chr4g0044831/MtGS1a/MtNRT2.1/MtrunA17Chr1g0157851
map00250	Alanine, aspartate and glutamate metabolism	5/72	50/5968	0.1	8.28888888888889	5.71905642535709	0.000308613964802507	0.0191340658177554	0.0186792662906781	MtrunA17_Chr3g0105311/MtrunA17_Chr5g0430381/MtrunA17_Chr1g0149721/MtrunA17_Chr6g0479141/MtrunA17_Chr1g0157851	5	MtrunA17Chr3g0105311/MtrunA17Chr5g0430381/MtrunA17Chr1g0149721/MtGS1a/MtrunA17Chr1g0157851
map00500	Starch and sucrose metabolism	7/72	151/5968	0.0463576158940397	3.84253127299485	3.90939652753531	0.00214721125003433	0.0887513983347523	0.0866418574575256	MtrunA17_Chr4g0062771/MtrunA17_Chr3g0096241/MtrunA17_Chr4g0033231/MtrunA17_Chr1g0157251/MtrunA17_Chr4g0056481/MtrunA17_Chr3g0129201/MtrunA17_Chr8g0382441	7	MtBG44/MtrunA17Chr3g0096241/MtrunA17Chr4g0033231/MtrunA17Chr1g0157251/MtrunA17Chr4g0056481/MtrunA17Chr3g0129201/MtrunA17Chr8g0382441
map00680	Methane metabolism	4/72	54/5968	0.0740740740740741	6.13991769547325	4.19254675284146	0.00390830903293453	0.12115758002097	0.118277773365124	MtrunA17_Chr2g0330871/MtrunA17_Chr3g0115581/MtrunA17_Chr1g0179211/MtrunA17_Chr2g0315891	4	MtrunA17Chr2g0330871/MtrunA17Chr3g0115581/MtrunA17Chr1g0179211/MtrunA17Chr2g0315891
map00730	Thiamine metabolism	2/72	21/5968	0.0952380952380952	7.89417989417989	3.49710618566315	0.0259978393480252	0.550830532987932	0.537737786872769	MtrunA17_Chr4g0041841/MtrunA17_Chr4g0057771	2	MtrunA17Chr4g0041841/MtrunA17Chr4g0057771
map00270	Cysteine and methionine metabolism	4/72	112/5968	0.0357142857142857	2.96031746031746	2.31419747376941	0.0456568410713476	0.550830532987932	0.537737786872769	MtrunA17_Chr1g0205381/MtrunA17_Chr1g0149721/MtrunA17_Chr4g0069201/MtrunA17_Chr3g0101841	4	MtrunA17Chr1g0205381/MtrunA17Chr1g0149721/MtrunA17Chr4g0069201/MtrunA17Chr3g0101841
map00543	Exopolysaccharide biosynthesis	1/72	4/5968	0.25	20.7222222222222	4.35996051240185	0.0474027848465973	0.550830532987932	0.537737786872769	MtrunA17_Chr3g0101841	1	MtrunA17Chr3g0101841
map01310	Nitrogen cycle	1/72	4/5968	0.25	20.7222222222222	4.35996051240185	0.0474027848465973	0.550830532987932	0.537737786872769	MtrunA17_Chr4g0044831	1	MtrunA17Chr4g0044831
map05111	Biofilm formation - Vibrio cholerae	1/72	4/5968	0.25	20.7222222222222	4.35996051240185	0.0474027848465973	0.550830532987932	0.537737786872769	MtrunA17_Chr3g0101841	1	MtrunA17Chr3g0101841
map04814	Motor proteins	3/72	69/5968	0.0434782608695652	3.60386473429952	2.4039160480217	0.0501040085582026	0.550830532987932	0.537737786872769	MtrunA17_Chr1g0175391/MtrunA17_Chr8g0372171/MtrunA17_Chr4g0008361	3	MtrunA17Chr1g0175391/MtrunA17Chr8g0372171/MtrunA17Chr4g0008361
map00920	Sulfur metabolism	2/72	30/5968	0.0666666666666667	5.52592592592593	2.74608200472339	0.0502503605271388	0.550830532987932	0.537737786872769	MtrunA17_Chr1g0205381/MtrunA17_Chr3g0101841	2	MtrunA17Chr1g0205381/MtrunA17Chr3g0101841
map04724	Glutamatergic synapse	2/72	31/5968	0.0645161290322581	5.34767025089606	2.68175716583062	0.0533061806117353	0.550830532987932	0.537737786872769	MtrunA17_Chr6g0479141/MtrunA17_Chr2g0295411	2	MtGS1a/MtPLD14
map04072	Phospholipase D signaling pathway	2/72	36/5968	0.0555555555555556	4.60493827160494	2.39725394222768	0.0695161738679758	0.587800851301398	0.573829353986934	MtrunA17_Chr7g0256301/MtrunA17_Chr2g0295411	2	MtrunA17Chr7g0256301/MtPLD14
map04081	Hormone signaling	1/72	6/5968	0.166666666666667	13.8148148148148	3.47022395729363	0.0702661903049591	0.587800851301398	0.573829353986934	MtrunA17_Chr4g0004881	1	MtFPN3
map00220	Arginine biosynthesis	2/72	37/5968	0.0540540540540541	4.48048048048048	2.34661386396296	0.0729311695832614	0.587800851301398	0.573829353986934	MtrunA17_Chr1g0149721/MtrunA17_Chr6g0479141	2	MtrunA17Chr1g0149721/MtGS1a
map04075	Plant hormone signal transduction	8/72	370/5968	0.0216216216216216	1.79219219219219	1.73852324729556	0.0758452711356643	0.587800851301398	0.573829353986934	MtrunA17_Chr4g0070241/MtrunA17_Chr1g0174701/MtrunA17_Chr1g0168161/MtrunA17_Chr7g0262471/MtrunA17_Chr5g0422771/MtrunA17_Chr6g0479141/MtrunA17_Chr4g0036891/MtrunA17_Chr1g0148031	8	MtrunA17Chr4g0070241/MtrunA17Chr1g0174701/MtETR3/MtrunA17Chr7g0262471/MtrunA17Chr5g0422771/MtGS1a/MtrunA17Chr4g0036891/MtAHA8
map05231	Choline metabolism in cancer	2/72	40/5968	0.05	4.14444444444445	2.20488200989738	0.0834898311065095	0.596586422308075	0.582406099876304	MtrunA17_Chr7g0256301/MtrunA17_Chr2g0295411	2	MtrunA17Chr7g0256301/MtPLD14
map04666	Fc gamma R-mediated phagosome formation	2/72	42/5968	0.0476190476190476	3.94708994708995	2.11788679401473	0.0907733052261679	0.596586422308075	0.582406099876304	MtrunA17_Chr7g0256301/MtrunA17_Chr2g0295411	2	MtrunA17Chr7g0256301/MtPLD14
map05230	Central carbon metabolism in cancer	2/72	45/5968	0.0444444444444444	3.68395061728395	1.99698793548476	0.102032457656143	0.596586422308075	0.582406099876304	MtrunA17_Chr2g0330871/MtrunA17_Chr3g0115581	2	MtrunA17Chr2g0330871/MtrunA17Chr3g0115581
map04970	Salivary secretion	1/72	9/5968	0.111111111111111	9.20987654320988	2.72355856342625	0.103550309739056	0.596586422308075	0.582406099876304	MtrunA17_Chr1g0157251	1	MtrunA17Chr1g0157251
map00380	Tryptophan metabolism	2/72	46/5968	0.0434782608695652	3.60386473429952	1.95897396296589	0.105868318453385	0.596586422308075	0.582406099876304	MtrunA17_Chr5g0407731/MtrunA17_Chr7g0262471	2	MtGAOL11/MtrunA17Chr7g0262471
map04973	Carbohydrate digestion and absorption	1/72	10/5968	0.1	8.28888888888889	2.54903976321831	0.114381720663505	0.596586422308075	0.582406099876304	MtrunA17_Chr1g0157251	1	MtrunA17Chr1g0157251
map00130	Ubiquinone and other terpenoid-quinone biosynthesis	2/72	49/5968	0.0408163265306122	3.38321995464853	1.85098767216481	0.117603432159017	0.596586422308075	0.582406099876304	MtrunA17_Chr3g0102411/MtrunA17_Chr5g0409771	2	MtrunA17Chr3g0102411/MtrunA17Chr5g0409771
map00564	Glycerophospholipid metabolism	3/72	100/5968	0.03	2.48666666666667	1.65666265028288	0.119362529270845	0.596586422308075	0.582406099876304	MtrunA17_Chr2g0332581/MtrunA17_Chr3g0138041/MtrunA17_Chr2g0295411	3	MtrunA17Chr2g0332581/MtrunA17Chr3g0138041/MtPLD14
map04066	HIF-1 signaling pathway	2/72	53/5968	0.0377358490566038	3.12788259958071	1.719387453126	0.133728379629685	0.596586422308075	0.582406099876304	MtrunA17_Chr2g0330871/MtrunA17_Chr1g0179211	2	MtrunA17Chr2g0330871/MtrunA17Chr1g0179211
map00030	Pentose phosphate pathway	2/72	54/5968	0.037037037037037	3.06995884773663	1.68843155859028	0.137835987016888	0.596586422308075	0.582406099876304	MtrunA17_Chr2g0330871/MtrunA17_Chr1g0179211	2	MtrunA17Chr2g0330871/MtrunA17Chr1g0179211
map00010	Glycolysis / Gluconeogenesis	3/72	108/5968	0.0277777777777778	2.30246913580247	1.50937113448945	0.141075575335549	0.596586422308075	0.582406099876304	MtrunA17_Chr2g0330871/MtrunA17_Chr3g0115581/MtrunA17_Chr1g0179211	3	MtrunA17Chr2g0330871/MtrunA17Chr3g0115581/MtrunA17Chr1g0179211
map00051	Fructose and mannose metabolism	2/72	55/5968	0.0363636363636364	3.01414141414141	1.65818466459535	0.141971560133522	0.596586422308075	0.582406099876304	MtrunA17_Chr2g0330871/MtrunA17_Chr1g0179211	2	MtrunA17Chr2g0330871/MtrunA17Chr1g0179211
map00330	Arginine and proline metabolism	2/72	55/5968	0.0363636363636364	3.01414141414141	1.65818466459535	0.141971560133522	0.596586422308075	0.582406099876304	MtrunA17_Chr1g0149721/MtrunA17_Chr7g0239721	2	MtrunA17Chr1g0149721/MtP5CS2
map00710	Carbon fixation by Calvin cycle	2/72	58/5968	0.0344827586206897	2.85823754789272	1.5714009715385	0.154533740302132	0.596586422308075	0.582406099876304	MtrunA17_Chr1g0179211/MtrunA17_Chr2g0315891	2	MtrunA17Chr1g0179211/MtrunA17Chr2g0315891
map04540	Gap junction	1/72	14/5968	0.0714285714285714	5.92063492063492	2.03679010651429	0.156431691955908	0.596586422308075	0.582406099876304	MtrunA17_Chr4g0008361	1	MtrunA17Chr4g0008361
map00562	Inositol phosphate metabolism	2/72	59/5968	0.0338983050847458	2.80979284369115	1.54370178781743	0.158768967227149	0.596586422308075	0.582406099876304	MtrunA17_Chr7g0256301/MtrunA17_Chr4g0054951	2	MtrunA17Chr7g0256301/MtrunA17Chr4g0054951
map00999	Biosynthesis of various plant secondary metabolites	2/72	59/5968	0.0338983050847458	2.80979284369115	1.54370178781743	0.158768967227149	0.596586422308075	0.582406099876304	MtrunA17_Chr4g0033231/MtrunA17_Chr4g0069201	2	MtrunA17Chr4g0033231/MtrunA17Chr4g0069201
map04912	GnRH signaling pathway	1/72	15/5968	0.0666666666666667	5.52592592592593	1.93932528441303	0.166632719530509	0.607719330052444	0.593274388421316	MtrunA17_Chr2g0295411	1	MtPLD14
map01320	Sulfur cycle	1/72	16/5968	0.0625	5.18055555555556	1.85023997136743	0.176712081901381	0.621667322145092	0.606890849292747	MtrunA17_Chr1g0205381	1	MtrunA17Chr1g0205381
map00950	Isoquinoline alkaloid biosynthesis	1/72	17/5968	0.0588235294117647	4.87581699346405	1.76830949060944	0.186671209942897	0.621667322145092	0.606890849292747	MtrunA17_Chr1g0149721	1	MtrunA17Chr1g0149721
map00904	Diterpenoid biosynthesis	1/72	18/5968	0.0555555555555556	4.60493827160494	1.69254853787972	0.196511517938883	0.621667322145092	0.606890849292747	MtrunA17_Chr3g0130391	1	MtGA20ox5
map00909	Sesquiterpenoid and triterpenoid biosynthesis	1/72	19/5968	0.0526315789473684	4.3625730994152	1.62215399338034	0.206234403772227	0.621667322145092	0.606890849292747	MtrunA17_Chr3g0101821	1	MtCYP71D428
map04979	Cholesterol metabolism	1/72	20/5968	0.05	4.14444444444445	1.55646361838157	0.215841249112351	0.621667322145092	0.606890849292747	MtrunA17_Chr6g0462831	1	MtrunA17Chr6g0462831
map04978	Mineral absorption	1/72	21/5968	0.0476190476190476	3.94708994708995	1.49492566800796	0.225333419600568	0.621667322145092	0.606890849292747	MtrunA17_Chr4g0004881	1	MtFPN3
map00740	Riboflavin metabolism	1/72	22/5968	0.0454545454545455	3.76767676767677	1.4370761635805	0.23471226503335	0.621667322145092	0.606890849292747	MtrunA17_Chr8g0393271	1	MtrunA17Chr8g0393271
map00750	Vitamin B6 metabolism	1/72	22/5968	0.0454545454545455	3.76767676767677	1.4370761635805	0.23471226503335	0.621667322145092	0.606890849292747	MtrunA17_Chr2g0330511	1	MtrunA17Chr2g0330511
map00940	Phenylpropanoid biosynthesis	3/72	139/5968	0.0215827338129496	1.78896882494005	1.04000576129391	0.235119429592051	0.621667322145092	0.606890849292747	MtrunA17_Chr3g0102411/MtrunA17_Chr5g0409771/MtrunA17_Chr3g0107881	3	MtrunA17Chr3g0102411/MtrunA17Chr5g0409771/MtPrx03
map00073	Cutin, suberine and wax biosynthesis	1/72	23/5968	0.0434782608695652	3.60386473429952	1.38252164039471	0.243979119543542	0.621667322145092	0.606890849292747	MtrunA17_Chr8g0387001	1	MtCYP86A93
map00908	Zeatin biosynthesis	1/72	23/5968	0.0434782608695652	3.60386473429952	1.38252164039471	0.243979119543542	0.621667322145092	0.606890849292747	MtrunA17_Chr3g0091141	1	MtCKX6
map05135	Yersinia infection	1/72	23/5968	0.0434782608695652	3.60386473429952	1.38252164039471	0.243979119543542	0.621667322145092	0.606890849292747	MtrunA17_Chr7g0256301	1	MtrunA17Chr7g0256301
map00565	Ether lipid metabolism	1/72	24/5968	0.0416666666666667	3.4537037037037	1.3309258756909	0.253135301779516	0.621667322145092	0.606890849292747	MtrunA17_Chr2g0295411	1	MtPLD14
map04380	Osteoclast differentiation	1/72	24/5968	0.0416666666666667	3.4537037037037	1.3309258756909	0.253135301779516	0.621667322145092	0.606890849292747	MtrunA17_Chr8g0393271	1	MtrunA17Chr8g0393271
map04922	Glucagon signaling pathway	2/72	82/5968	0.024390243902439	2.02168021680217	1.0293837569588	0.260203166726642	0.621667322145092	0.606890849292747	MtrunA17_Chr2g0330871/MtrunA17_Chr3g0115581	2	MtrunA17Chr2g0330871/MtrunA17Chr3g0115581
map04510	Focal adhesion	1/72	25/5968	0.04	3.31555555555556	1.28199955403807	0.262182115082321	0.621667322145092	0.606890849292747	MtrunA17_Chr7g0256301	1	MtrunA17Chr7g0256301
map05212	Pancreatic cancer	1/72	25/5968	0.04	3.31555555555556	1.28199955403807	0.262182115082321	0.621667322145092	0.606890849292747	MtrunA17_Chr2g0295411	1	MtPLD14
map00720	Other carbon fixation pathways	1/72	27/5968	0.037037037037037	3.06995884773663	1.19118535968247	0.279952772764906	0.621667322145092	0.606890849292747	MtrunA17_Chr2g0315891	1	MtrunA17Chr2g0315891
map00760	Nicotinate and nicotinamide metabolism	1/72	28/5968	0.0357142857142857	2.96031746031746	1.1488880998049	0.288679148856629	0.621667322145092	0.606890849292747	MtrunA17_Chr1g0193721	1	MtrunA17Chr1g0193721
map04011	MAPK signaling pathway - yeast	1/72	28/5968	0.0357142857142857	2.96031746031746	1.1488880998049	0.288679148856629	0.621667322145092	0.606890849292747	MtrunA17_Chr7g0256301	1	MtrunA17Chr7g0256301
map04972	Pancreatic secretion	1/72	28/5968	0.0357142857142857	2.96031746031746	1.1488880998049	0.288679148856629	0.621667322145092	0.606890849292747	MtrunA17_Chr1g0157251	1	MtrunA17Chr1g0157251
map05323	Rheumatoid arthritis	1/72	28/5968	0.0357142857142857	2.96031746031746	1.1488880998049	0.288679148856629	0.621667322145092	0.606890849292747	MtrunA17_Chr8g0393271	1	MtrunA17Chr8g0393271
map00960	Tropane, piperidine and pyridine alkaloid biosynthesis	1/72	29/5968	0.0344827586206897	2.85823754789272	1.1084321074079	0.297301219779579	0.621667322145092	0.606890849292747	MtrunA17_Chr1g0149721	1	MtrunA17Chr1g0149721
map04014	Ras signaling pathway	1/72	29/5968	0.0344827586206897	2.85823754789272	1.1084321074079	0.297301219779579	0.621667322145092	0.606890849292747	MtrunA17_Chr2g0295411	1	MtPLD14
map04928	Parathyroid hormone synthesis, secretion and action	1/72	29/5968	0.0344827586206897	2.85823754789272	1.1084321074079	0.297301219779579	0.621667322145092	0.606890849292747	MtrunA17_Chr2g0295411	1	MtPLD14
map04727	GABAergic synapse	1/72	30/5968	0.0333333333333333	2.76296296296296	1.0696686041312	0.305820214926215	0.621667322145092	0.606890849292747	MtrunA17_Chr6g0479141	1	MtGS1a
map05226	Gastric cancer	1/72	30/5968	0.0333333333333333	2.76296296296296	1.0696686041312	0.305820214926215	0.621667322145092	0.606890849292747	MtrunA17_Chr6g0452111	1	MtABAB26
map00100	Steroid biosynthesis	1/72	31/5968	0.032258064516129	2.67383512544803	1.0324654546108	0.314237349403363	0.628474698806727	0.613536420736618	MtrunA17_Chr6g0462831	1	MtrunA17Chr6g0462831
map04919	Thyroid hormone signaling pathway	1/72	32/5968	0.03125	2.59027777777778	0.996704830316625	0.322553824195844	0.634867844448963	0.619777607059684	MtrunA17_Chr2g0330871	1	MtrunA17Chr2g0330871
map04517	IgSF CAM signaling	1/72	33/5968	0.0303030303030303	2.51178451178451	0.96228126334032	0.33077082632824	0.640868476010965	0.625635609009006	MtrunA17_Chr4g0008361	1	MtrunA17Chr4g0008361
map04024	cAMP signaling pathway	1/72	35/5968	0.0285714285714286	2.36825396825397	0.89707570295406	0.346911091867822	0.651772354418332	0.63628031203827	MtrunA17_Chr2g0295411	1	MtPLD14
map04216	Ferroptosis	1/72	35/5968	0.0285714285714286	2.36825396825397	0.89707570295406	0.346911091867822	0.651772354418332	0.63628031203827	MtrunA17_Chr4g0004881	1	MtFPN3
map00906	Carotenoid biosynthesis	1/72	36/5968	0.0277777777777778	2.30246913580247	0.866131133236372	0.354836660953532	0.656712626242357	0.641103158046444	MtrunA17_Chr4g0044851	1	MtCYP707A107
map04139	Mitophagy - yeast	1/72	39/5968	0.0256410256410256	2.12535612535613	0.779106965673013	0.378048667578173	0.689382864407256	0.672996854047831	MtrunA17_Chr7g0256301	1	MtrunA17Chr7g0256301
map00400	Phenylalanine, tyrosine and tryptophan biosynthesis	1/72	40/5968	0.025	2.07222222222222	0.75184139206748	0.385601458256933	0.692964939476228	0.676493786415672	MtrunA17_Chr1g0149721	1	MtrunA17Chr1g0149721
map00670	One carbon pool by folate	1/72	41/5968	0.024390243902439	2.02168021680217	0.725362297831353	0.393063788723448	0.69628442573868	0.67973437147664	MtrunA17_Chr4g0069201	1	MtrunA17Chr4g0069201
map00350	Tyrosine metabolism	1/72	43/5968	0.0232558139534884	1.92764857881137	0.674588702563463	0.407721330050553	0.709939150182122	0.693064535406995	MtrunA17_Chr1g0149721	1	MtrunA17Chr1g0149721
map00360	Phenylalanine metabolism	1/72	44/5968	0.0227272727272727	1.88383838383838	0.650215325356298	0.414918640470192	0.709939150182122	0.693064535406995	MtrunA17_Chr1g0149721	1	MtrunA17Chr1g0149721
map04976	Bile secretion	1/72	46/5968	0.0217391304347826	1.80193236714976	0.603320367072984	0.429055498337963	0.709939150182122	0.693064535406995	MtrunA17_Chr6g0452111	1	MtABAB26
map04810	Regulation of actin cytoskeleton	1/72	47/5968	0.0212765957446809	1.76359338061466	0.580736446865313	0.435997072826256	0.709939150182122	0.693064535406995	MtrunA17_Chr7g0256301	1	MtrunA17Chr7g0256301
map04070	Phosphatidylinositol signaling system	1/72	48/5968	0.0208333333333333	1.72685185185185	0.558690383755442	0.442855409383679	0.709939150182122	0.693064535406995	MtrunA17_Chr7g0256301	1	MtrunA17Chr7g0256301
map05012	Parkinson disease	3/72	204/5968	0.0147058823529412	1.21895424836601	0.35161873209677	0.448925821379092	0.709939150182122	0.693064535406995	MtrunA17_Chr2g0328511/MtrunA17_Chr5g0415771/MtrunA17_Chr4g0008361	3	MtZIP2/TRX/MtrunA17Chr4g0008361
map04148	Efferocytosis	1/72	49/5968	0.0204081632653061	1.69160997732426	0.53715627022861	0.449631492242526	0.709939150182122	0.693064535406995	MtrunA17_Chr6g0462831	1	MtrunA17Chr6g0462831
map05132	Salmonella infection	2/72	126/5968	0.0158730158730159	1.31569664902998	0.395767381987021	0.451743983376777	0.709939150182122	0.693064535406995	MtrunA17_Chr5g0415771/MtrunA17_Chr4g0008361	2	TRX/MtrunA17Chr4g0008361
map05206	MicroRNAs in cancer	1/72	50/5968	0.02	1.65777777777778	0.516109970093201	0.456326294161523	0.709939150182122	0.693064535406995	MtrunA17_Chr6g0452111	1	MtABAB26
map00860	Porphyrin metabolism	1/72	51/5968	0.0196078431372549	1.62527233115468	0.495528963946018	0.462940776557665	0.709939150182122	0.693064535406995	MtrunA17_Chr5g0428201	1	MtrunA17Chr5g0428201
map04071	Sphingolipid signaling pathway	1/72	52/5968	0.0192307692307692	1.59401709401709	0.475392210890996	0.469475889636565	0.709939150182122	0.693064535406995	MtrunA17_Chr2g0295411	1	MtPLD14
map04361	Axon regeneration	1/72	52/5968	0.0192307692307692	1.59401709401709	0.475392210890996	0.469475889636565	0.709939150182122	0.693064535406995	MtrunA17_Chr4g0062941	1	MtrunA17Chr4g0062941
map00052	Galactose metabolism	1/72	55/5968	0.0181818181818182	1.50707070707071	0.417456720976363	0.488614349551115	0.721287849337361	0.704143486195216	MtrunA17_Chr2g0330871	1	MtrunA17Chr2g0330871
map00460	Cyanoamino acid metabolism	1/72	55/5968	0.0181818181818182	1.50707070707071	0.417456720976363	0.488614349551115	0.721287849337361	0.704143486195216	MtrunA17_Chr4g0033231	1	MtrunA17Chr4g0033231
map04144	Endocytosis	2/72	137/5968	0.0145985401459854	1.21005677210057	0.274846986794225	0.495584615438485	0.722970497816143	0.705786139633756	MtrunA17_Chr7g0256301/MtrunA17_Chr2g0295411	2	MtrunA17Chr7g0256301/MtPLD14
map04621	NOD-like receptor signaling pathway	1/72	58/5968	0.0172413793103448	1.42911877394636	0.362880224355284	0.507071643497169	0.731126555740104	0.713748335399932	MtrunA17_Chr5g0415771	1	TRX
map00260	Glycine, serine and threonine metabolism	1/72	61/5968	0.0163934426229508	1.35883424408015	0.311272564326121	0.524871685734403	0.739350683717985	0.721776983256097	MtrunA17_Chr3g0115581	1	MtrunA17Chr3g0115581
map00630	Glyoxylate and dicarboxylate metabolism	1/72	62/5968	0.0161290322580645	1.33691756272401	0.294671615094563	0.53066299073307	0.739350683717985	0.721776983256097	MtrunA17_Chr6g0479141	1	MtGS1a
map02020	Two-component system	1/72	62/5968	0.0161290322580645	1.33691756272401	0.294671615094563	0.53066299073307	0.739350683717985	0.721776983256097	MtrunA17_Chr6g0479141	1	MtGS1a
map02010	ABC transporters	1/72	66/5968	0.0151515151515152	1.25589225589226	0.23099098875956	0.553140204014614	0.762104281086802	0.743989748089832	MtrunA17_Chr6g0452111	1	MtABAB26
map00240	Pyrimidine metabolism	1/72	71/5968	0.0140845070422535	1.16744913928013	0.156841887345067	0.57974882281655	0.778230898837638	0.759733050647949	MtrunA17_Chr6g0488531	1	MtrunA17Chr6g0488531
map00040	Pentose and glucuronate interconversions	1/72	72/5968	0.0138888888888889	1.15123456790123	0.142660621051471	0.584879920791319	0.778230898837638	0.759733050647949	MtrunA17_Chr1g0194231	1	MtrunA17Chr1g0194231
map04113	Meiosis - yeast	1/72	73/5968	0.0136986301369863	1.13546423135464	0.128679597011131	0.589949229764016	0.778230898837638	0.759733050647949	MtrunA17_Chr7g0233651	1	MtrunA17Chr7g0233651
map04217	Necroptosis	1/72	73/5968	0.0136986301369863	1.13546423135464	0.128679597011131	0.589949229764016	0.778230898837638	0.759733050647949	MtrunA17_Chr6g0479141	1	MtGS1a
map04016	MAPK signaling pathway - plant	2/72	166/5968	0.0120481927710843	0.998661311914324	-0.00193290322058278	0.60016399953835	0.78119188437837	0.762623656226762	MtrunA17_Chr1g0168161/MtrunA17_Chr7g0272841	2	MtETR3/MtrunA17Chr7g0272841
map05130	Pathogenic Escherichia coli infection	1/72	76/5968	0.0131578947368421	1.0906432748538	0.0878772675522616	0.604793716938093	0.78119188437837	0.762623656226762	MtrunA17_Chr4g0008361	1	MtrunA17Chr4g0008361
map04142	Lysosome biogenesis	2/72	180/5968	0.0111111111111111	0.920987654320988	-0.118941243916799	0.644625613220704	0.817666202642787	0.798231012766727	MtrunA17_Chr6g0462831/MtrunA17_Chr8g0393271	2	MtrunA17Chr6g0462831/MtrunA17Chr8g0393271
map00620	Pyruvate metabolism	1/72	85/5968	0.0117647058823529	0.97516339869281	-0.0254840080839137	0.646220063378977	0.817666202642787	0.798231012766727	MtrunA17_Chr2g0315891	1	MtrunA17Chr2g0315891
map00983	Drug metabolism - other enzymes	1/72	89/5968	0.0112359550561798	0.931335830212235	-0.0721172198860432	0.663228122775516	0.82240287224164	0.802855095991414	MtrunA17_Chr6g0488531	1	MtrunA17Chr6g0488531
map04137	Mitophagy - animal	1/72	89/5968	0.0112359550561798	0.931335830212235	-0.0721172198860432	0.663228122775516	0.82240287224164	0.802855095991414	MtrunA17_Chr1g0196571	1	MtrunA17Chr1g0196571
map04111	Cell cycle - yeast	1/72	91/5968	0.010989010989011	0.910866910866911	-0.0946776214711775	0.671427181348958	0.823972278995968	0.804387199359391	MtrunA17_Chr7g0233651	1	MtrunA17Chr7g0233651
map00230	Purine metabolism	1/72	95/5968	0.0105263157894737	0.872514619883041	-0.138406891587056	0.687239236050105	0.823972278995968	0.804387199359391	MtrunA17_Chr4g0057771	1	MtrunA17Chr4g0057771
map04114	Oocyte meiosis	1/72	95/5968	0.0105263157894737	0.872514619883041	-0.138406891587056	0.687239236050105	0.823972278995968	0.804387199359391	MtrunA17_Chr7g0233651	1	MtrunA17Chr7g0233651
map04152	AMPK signaling pathway	1/72	96/5968	0.0104166666666667	0.863425925925926	-0.149065241356477	0.691073524319199	0.823972278995968	0.804387199359391	MtrunA17_Chr2g0330871	1	MtrunA17Chr2g0330871
map05166	Human T-cell leukemia virus 1 infection	1/72	102/5968	0.00980392156862745	0.812636165577342	-0.210901831863905	0.713124784410934	0.829908669935018	0.810182487627565	MtrunA17_Chr7g0233651	1	MtrunA17Chr7g0233651
map00190	Oxidative phosphorylation	1/72	104/5968	0.00961538461538462	0.797008547008547	-0.230761296735988	0.720124441311489	0.829908669935018	0.810182487627565	MtrunA17_Chr1g0148031	1	MtAHA8
map05010	Alzheimer disease	2/72	209/5968	0.00956937799043062	0.793195108984583	-0.336299281366975	0.724402783707375	0.829908669935018	0.810182487627565	MtrunA17_Chr2g0328511/MtrunA17_Chr4g0008361	2	MtZIP2/MtrunA17Chr4g0008361
map05418	Fluid shear stress and atherosclerosis	1/72	107/5968	0.00934579439252336	0.77466251298027	-0.259899237039784	0.730309290725734	0.829908669935018	0.810182487627565	MtrunA17_Chr5g0415771	1	TRX
map00520	Amino sugar and nucleotide sugar metabolism	1/72	110/5968	0.00909090909090909	0.753535353535354	-0.288298126643987	0.740128469356218	0.829908669935018	0.810182487627565	MtrunA17_Chr5g0425531	1	MtrunA17Chr5g0425531
map04145	Phagocytosis	1/72	110/5968	0.00909090909090909	0.753535353535354	-0.288298126643987	0.740128469356218	0.829908669935018	0.810182487627565	MtrunA17_Chr4g0008361	1	MtrunA17Chr4g0008361
map03018	RNA degradation	1/72	112/5968	0.00892857142857143	0.740079365079365	-0.306841972736632	0.746477852094237	0.829908669935018	0.810182487627565	MtrunA17_Chr2g0330871	1	MtrunA17Chr2g0330871
map03015	mRNA surveillance pathway	1/72	113/5968	0.00884955752212389	0.733529990167158	-0.316001860582228	0.749594927683242	0.829908669935018	0.810182487627565	MtrunA17_Chr3g0126581	1	MtrunA17Chr3g0126581
map05203	Viral carcinogenesis	1/72	118/5968	0.00847457627118644	0.702448210922787	-0.360737396180673	0.764622282768809	0.839054540383472	0.819110968965189	MtrunA17_Chr7g0233651	1	MtrunA17Chr7g0233651
map05200	Pathways in cancer	1/72	137/5968	0.0072992700729927	0.605028386050284	-0.516797229995319	0.814040411221561	0.871718026926957	0.850998073825128	MtrunA17_Chr2g0295411	1	MtPLD14
map04120	Ubiquitin mediated proteolysis	1/72	140/5968	0.00714285714285714	0.592063492063492	-0.539712342458809	0.820845428666585	0.871718026926957	0.850998073825128	MtrunA17_Chr7g0233651	1	MtrunA17Chr7g0233651
map04714	Thermogenesis	1/72	141/5968	0.00709219858156028	0.587864460204886	-0.547258661329567	0.82305873153824	0.871718026926957	0.850998073825128	MtrunA17_Chr1g0211711	1	MtJMJ12
map05208	Chemical carcinogenesis - reactive oxygen species	1/72	141/5968	0.00709219858156028	0.587864460204886	-0.547258661329567	0.82305873153824	0.871718026926957	0.850998073825128	MtrunA17_Chr2g0295411	1	MtPLD14
map04110	Cell cycle	1/72	144/5968	0.00694444444444444	0.575617283950617	-0.569631215723018	0.829538122398233	0.871718026926957	0.850998073825128	MtrunA17_Chr7g0233651	1	MtrunA17Chr7g0233651
map04626	Plant-pathogen interaction	3/72	411/5968	0.0072992700729927	0.605028386050284	-0.916921438094372	0.882242652282751	0.907595638328442	0.886022906687359	MtrunA17_Chr5g0440201/MtrunA17_Chr8g0347121/MtrunA17_Chr5g0430621	3	MtrunA17Chr5g0440201/MtCNGCIa/MtrunA17Chr5g0430621
map05020	Prion disease	1/72	175/5968	0.00571428571428571	0.473650793650794	-0.780920389515984	0.884198405243327	0.907595638328442	0.886022906687359	MtrunA17_Chr4g0008361	1	MtrunA17Chr4g0008361
map04141	Protein processing in endoplasmic reticulum	1/72	176/5968	0.00568181818181818	0.470959595959596	-0.787220560493961	0.885637679336625	0.907595638328442	0.886022906687359	MtrunA17_Chr6g0475981	1	MtrunA17Chr6g0475981
map05016	Huntington disease	1/72	200/5968	0.005	0.414444444444445	-0.930756349200233	0.915347231351096	0.930352923668327	0.908239271832408	MtrunA17_Chr4g0008361	1	MtrunA17Chr4g0008361
map05014	Amyotrophic lateral sclerosis	1/72	239/5968	0.00418410041841004	0.346815434681543	-1.13883546412151	0.948218196087371	0.949511679535277	0.926942641312028	MtrunA17_Chr4g0008361	1	MtrunA17Chr4g0008361
map05022	Pathways of neurodegeneration - multiple diseases	1/72	241/5968	0.004149377593361	0.343937298294145	-1.14883010450778	0.949511679535277	0.949511679535277	0.926942641312028	MtrunA17_Chr4g0008361	1	MtrunA17Chr4g0008361
