gene_id	gene_name	acronym	geneProduct	A86	A256	A485	A86256	A86485	dnf2
medtr.A17.gnm5.ann1_6.MtrunA17Chr1g0146131	MtrunA17Chr1g0146131	""	""	-1.91847438548991	-0.960618744610307	-1.15184617489048	-1.40633818342161	-7.00097008604754	-4.03742696707129
medtr.A17.gnm5.ann1_6.MtrunA17Chr1g0152831	MtrunA17Chr1g0152831	""	""	6.42396885099783	7.37891633404276	7.35650827679132	5.94563536607984	2.09321534793387	9.7190511686582
medtr.A17.gnm5.ann1_6.MtrunA17Chr1g0157821	MtrunA17Chr1g0157821	""	""	-1.43827684925761	-0.624111006465147	-0.27017378357101	-0.0769366919941061	-6.03920261599577	-10.049722719822
medtr.A17.gnm5.ann1_6.MtrunA17Chr1g0158021	MtrunA17Chr1g0158021	""	""	3.72790757152577	4.85298082641985	5.81143941498137	6.74092165103426	1.84382584869324	2.03389231964024
medtr.A17.gnm5.ann1_6.MtrunA17Chr1g0161041	MtrunA17Chr1g0161041	""	""	3.8798732114835	2.84232842133019	4.7120141334413	3.30568981558094	0	9.41429328521674
medtr.A17.gnm5.ann1_6.MtrunA17Chr1g0162491	MtrunA17Chr1g0162491	""	""	4.83004968144462	5.45706587356239	4.30918245387805	4.58425793609884	0.691324670091514	-0.457434406796449
medtr.A17.gnm5.ann1_6.MtrunA17Chr1g0170561	MtrunA17Chr1g0170561	""	""	0.462887552008082	1.09528812656082	1.23391079756849	0.473494950423796	-6.71144871857052	-6.71144871857052
medtr.A17.gnm5.ann1_6.MtrunA17Chr1g0177931	MtrunA17Chr1g0177931	""	""	-0.847032520636462	-0.380874148042588	-0.0821515833158095	-0.429970803537298	-0.949145043627828	-8.27826167183425
medtr.A17.gnm5.ann1_6.MtrunA17Chr1g0179221	MtrunA17Chr1g0179221	""	""	-1.1683845018033	-0.447631065221983	-0.597111610656739	-1.180443241515	-7.17457490609508	-7.17457490609508
medtr.A17.gnm5.ann1_6.MtrunA17Chr1g0179891	MtrunA17Chr1g0179891	""	""	4.96320279057929	5.24797736871558	5.02052246336109	6.81272111531159	2.90347373378693	6.06049404364001
medtr.A17.gnm5.ann1_6.MtrunA17Chr1g0179951	MtrunA17Chr1g0179951	""	""	-2.09045714169995	-1.71219747145166	-2.71588845719677	-1.35569630551628	-7.18372750609688	-6.62860462644526
medtr.A17.gnm5.ann1_6.MtrunA17Chr1g0179961	MtrunA17Chr1g0179961	""	""	-2.36133374018521	-1.89102305463179	-2.31746150209982	-1.43304817604827	-7.00158899759716	-5.54292738824206
medtr.A17.gnm5.ann1_6.MtrunA17Chr1g0182001	MtrunA17Chr1g0182001	""	""	3.58448988491067	6.59755913556247	6.42748781299623	7.56416101813943	1.65671904376079	0
medtr.A17.gnm5.ann1_6.MtrunA17Chr1g0184021	MtrunA17Chr1g0184021	""	""	5.28382345945393	5.68205417581351	5.4483817914239	5.6605819340178	-2.08321543470119	0.97827048718835
medtr.A17.gnm5.ann1_6.MtrunA17Chr1g0184031	MtrunA17Chr1g0184031	""	""	6.83599397539974	7.44195006397609	7.05870648336003	7.38397724606005	-0.975452670511359	1.91695776429154
medtr.A17.gnm5.ann1_6.MtrunA17Chr1g0184041	MtrunA17Chr1g0184041	""	""	5.03482500948628	5.36168975521573	5.16255167983966	5.29096281596328	-2.3191579983392	0.709462501525434
medtr.A17.gnm5.ann1_6.MtrunA17Chr1g0184081	MtrunA17Chr1g0184081	""	""	5.5237086134119	5.03884161383052	5.30108641848905	5.16763904929141	-2.66087565366678	-2.66087565366678
medtr.A17.gnm5.ann1_6.MtrunA17Chr1g0184111	MtrunA17Chr1g0184111	""	""	-2.35942522216633	-1.14581696089585	-1.37412335364661	-1.88538605262981	-10.0404507868064	-10.0404507868064
medtr.A17.gnm5.ann1_6.MtrunA17Chr1g0185421	MtrunA17Chr1g0185421	""	""	0.435149373844765	0.454364037004638	0.0855942580934343	-0.147063458554697	-6.25937542443159	-8.84709360904241
medtr.A17.gnm5.ann1_6.MtrunA17Chr1g0186401	MtrunA17Chr1g0186401	MtIDA29	Inflorescence Deficient in Abscission	7.07272231480101	6.28720587586986	7.15714647883073	5.19053825496971	3.26326542958656	7.05059149037867
medtr.A17.gnm5.ann1_6.MtrunA17Chr1g0186601	MtrunA17Chr1g0186601	""	""	-0.796051365801286	-2.89369770086931	-1.86553467169772	-0.740449731401513	-6.67708439168403	-7.27983762552133
medtr.A17.gnm5.ann1_6.MtrunA17Chr1g0187161	MtrunA17Chr1g0187161	MtSubIn3	Subtilisin inhibitor	5.12818362166581	5.89554561207438	6.25681168358771	6.86879424106257	0.707382803490912	2.33728689698326
medtr.A17.gnm5.ann1_6.MtrunA17Chr1g0187201	MtrunA17Chr1g0187201	MtSubIn4	Subtilisin inhibitor	6.37467766758598	7.78288182785453	7.63913441576461	7.41575888270945	3.80205034308673	6.51760165488944
medtr.A17.gnm5.ann1_6.MtrunA17Chr1g0191651	MtrunA17Chr1g0191651	""	""	-1.40326964539333	-2.72525113058928	-1.70397062400496	-3.69841078808802	-5.99200081356602	-6.42557285361177
medtr.A17.gnm5.ann1_6.MtrunA17Chr1g0192371	MtrunA17Chr1g0192371	""	""	5.06571585466124	6.29839997753101	5.82014579658578	5.23271363180231	1.76755865612373	3.94916207367428
medtr.A17.gnm5.ann1_6.MtrunA17Chr1g0199881	MtrunA17Chr1g0199881	""	""	-2.34905599417507	-7.43781902582201	-4.57116558401622	-2.80691778030557	0.371297933393215	-0.362709237922165
medtr.A17.gnm5.ann1_6.MtrunA17Chr1g0204671	MtrunA17Chr1g0204671	""	""	0	4.49891949923631	6.98640654064266	6.83183638507331	0	0
medtr.A17.gnm5.ann1_6.MtrunA17Chr1g0205171	MtrunA17Chr1g0205171	MtnsLTP96	non-specific Lipid Transfer Protein	5.6540385328982	6.68695771734351	5.92489513440949	4.63090124551644	0	5.79086431257674
medtr.A17.gnm5.ann1_6.MtrunA17Chr2g0284581	MtrunA17Chr2g0284581	""	""	3.20601883029314	7.33968293398064	7.47150813998981	7.7410460442373	2.40823245034522	6.51770035030303
medtr.A17.gnm5.ann1_6.MtrunA17Chr2g0285301	MtrunA17Chr2g0285301	MtABAB7	ATP-Binding-Cassette (ABC) transporter typeB (P-glycoprotein (MDR/PGP/ABCB) efflux/conditional auxin transporter)	0.792768481858125	0.612840858229168	-0.116152913123503	-0.385244874647547	-5.88682810095574	-4.17909914435715
medtr.A17.gnm5.ann1_6.MtrunA17Chr2g0285801	MtrunA17Chr2g0285801	""	""	-2.56682266826622	-4.87414726077075	-3.52135473489055	-6.90538990819252	0.182081173096055	1.03386769124366
medtr.A17.gnm5.ann1_6.MtrunA17Chr2g0288931	MtrunA17Chr2g0288931	MtSTIG/GRI_5	Stigma1 / GRI	4.52334971913882	6.34698681643433	9.04073692926029	7.29015150190802	0	2.46802987684911
medtr.A17.gnm5.ann1_6.MtrunA17Chr2g0290371	MtrunA17Chr2g0290371	""	""	-5.68125966836691	-2.83802980611676	-3.62901237228508	-2.89288629966262	2.03326084873649	1.71727941732303
medtr.A17.gnm5.ann1_6.MtrunA17Chr2g0293991	MtrunA17Chr2g0293991	""	""	-1.1158197675633	-2.37556911275892	-1.55081294101301	-1.36647979998333	-5.42442037365285	-5.79801685147638
medtr.A17.gnm5.ann1_6.MtrunA17Chr2g0295061	MtrunA17Chr2g0295061	""	""	3.42195852423306	3.78133399234661	5.30405653481755	4.36937862533277	0.241147567841821	10.5508138194356
medtr.A17.gnm5.ann1_6.MtrunA17Chr2g0295091	MtrunA17Chr2g0295091	""	""	-0.949795922168794	-0.156893412743972	0.60393832005853	0.843408338114742	-5.71479046623389	3.31569213261977
medtr.A17.gnm5.ann1_6.MtrunA17Chr2g0295111	MtrunA17Chr2g0295111	""	""	4.52248612484993	4.49988904451267	5.76956933542322	5.67560090104044	3.56014738384494	7.56348268871122
medtr.A17.gnm5.ann1_6.MtrunA17Chr2g0295371	MtrunA17Chr2g0295371	AtPR-1-like|MtCAPE12	pathogenesis-related protein 1 (SA-inducible in Mt)|CAP-derived peptide 12	6.50639294440304	7.55647508187838	7.92695029481764	8.40450787232468	-0.182764642596617	5.87995971331143
medtr.A17.gnm5.ann1_6.MtrunA17Chr2g0295981	MtrunA17Chr2g0295981	""	""	-0.777228504702302	-2.33839724476018	-2.08647091949125	-1.82450386432487	-8.84017390284762	-8.84017390284762
medtr.A17.gnm5.ann1_6.MtrunA17Chr2g0301171	MtrunA17Chr2g0301171	""	""	-4.81286472813761	-4.71951905892594	-4.02185153106622	-2.83569421622677	-1.57634117939269	-1.51909432095762
medtr.A17.gnm5.ann1_6.MtrunA17Chr2g0301181	MtrunA17Chr2g0301181	""	""	-5.38682505084982	-3.98644724752639	-4.38509785948357	-2.94555296055298	-0.807122746279565	-1.04224735125027
medtr.A17.gnm5.ann1_6.MtrunA17Chr2g0305231	MtrunA17Chr2g0305231	""	""	3.20892797638797	2.84306754046149	4.52653464287691	4.23389604489175	7.20975968651113	6.48234111118827
medtr.A17.gnm5.ann1_6.MtrunA17Chr2g0306431	MtrunA17Chr2g0306431	""	""	-0.484618711531862	0.174467252910443	0.0688520816807343	0.84942282219667	-4.60954403348804	-8.40979303536675
medtr.A17.gnm5.ann1_6.MtrunA17Chr2g0312651	MtrunA17Chr2g0312651	""	""	-5.07877629382447	-6.984718147827	-2.27535649209664	-2.54965565556065	-0.56955382751328	-0.268133621091801
medtr.A17.gnm5.ann1_6.MtrunA17Chr2g0314151	MtrunA17Chr2g0314151	""	""	-0.0423802861081311	0.135895093822416	-0.258836440103557	0.34153536584144	-5.28297296868948	-8.54777551652815
medtr.A17.gnm5.ann1_6.MtrunA17Chr2g0319041	MtrunA17Chr2g0319041	MtTPS7	terpene synthase 7	5.7599464605703	5.74690845719394	3.58359590791007	2.43332078529943	0.846507398230648	4.02138532421046
medtr.A17.gnm5.ann1_6.MtrunA17Chr2g0328361	MtrunA17Chr2g0328361	""	""	-5.46453108862085	-5.30002759115957	-7.74724789894859	-4.51905823213786	-0.427004573576978	-2.16341275282458
medtr.A17.gnm5.ann1_6.MtrunA17Chr2g0328511	MtrunA17Chr2g0328511	MtZIP2	Zinc-Iron Permease 2	-0.510879840968121	0.0597920656168436	0.211341239650699	-0.325046524022839	-5.76670972760756	-6.58081015515572
medtr.A17.gnm5.ann1_6.MtrunA17Chr3g0083251	MtrunA17Chr3g0083251	""	""	-0.485099838039281	-1.30572813092894	-2.78973982021595	-2.57486501738898	-6.5542667531151	-6.5542667531151
medtr.A17.gnm5.ann1_6.MtrunA17Chr3g0083371	MtrunA17Chr3g0083371	""	""	6.39027797441601	7.30845437177136	7.98889960833519	8.0263417982075	1.03021882962917	5.27868790658723
medtr.A17.gnm5.ann1_6.MtrunA17Chr3g0089451	MtrunA17Chr3g0089451	""	""	-2.8762659234472	-3.61615947786155	-6.45901969591086	-6.45901969591086	-6.45901969591086	0.592357728150715
medtr.A17.gnm5.ann1_6.MtrunA17Chr3g0090381	MtrunA17Chr3g0090381	""	""	-4.26369482559605	-3.73471761437662	-7.47262280198402	-5.49028521519081	-1.51455727891295	-2.01190706167379
medtr.A17.gnm5.ann1_6.MtrunA17Chr3g0092881	MtrunA17Chr3g0092881	MtLegin38	Leginsulin	-1.92317218282659	-3.4057851332464	-7.6955752611523	-4.82813855702151	2.58483216830467	1.18116228246282
medtr.A17.gnm5.ann1_6.MtrunA17Chr3g0096071	MtrunA17Chr3g0096071	""	""	0.780560227250018	1.5699400826277	1.62150964488164	1.91261700962136	-0.0822918171726293	-8.91259398944434
medtr.A17.gnm5.ann1_6.MtrunA17Chr3g0096601	MtrunA17Chr3g0096601	""	""	0	0	0	0	0	9.45884939844337
medtr.A17.gnm5.ann1_6.MtrunA17Chr3g0099201	MtrunA17Chr3g0099201	""	""	-0.254212082392642	-1.9469467647292	-7.07492824576528	-3.09818088394124	0.640333826695872	0.204225569401543
medtr.A17.gnm5.ann1_6.MtrunA17Chr3g0101631	MtrunA17Chr3g0101631	MtCYP71D75	Cytochrome P450 monooxygenase	4.96459145865561	6.81252275305318	6.52625745792994	6.3001514679894	0	6.3695747730277
medtr.A17.gnm5.ann1_6.MtrunA17Chr3g0104591	MtrunA17Chr3g0104591	MtKunitz28	Kunitz-P Trypsin Inhibitor	5.94097176840112	7.6789482213557	7.05992354283341	4.78576891072012	3.56167328899776	3.33121281933768
medtr.A17.gnm5.ann1_6.MtrunA17Chr3g0105081	MtrunA17Chr3g0105081	MtMOT1.3	Molybdate transporter	-2.18217562366612	-3.63428788060546	-4.27454693561126	-4.47655706751123	-4.88575556804758	-11.4297913486056
medtr.A17.gnm5.ann1_6.MtrunA17Chr3g0105321	MtrunA17Chr3g0105321	""	""	-0.461834891249731	-0.118740667853435	0.965570912344369	-0.494798746730561	-4.46551360009049	-7.73185475010028
medtr.A17.gnm5.ann1_6.MtrunA17Chr3g0105691	MtrunA17Chr3g0105691	""	""	-0.414066043382198	-2.97229741457792	-5.68566979187478	-9.19698684708622	0.032520692288437	-2.04620615348472
medtr.A17.gnm5.ann1_6.MtrunA17Chr3g0107101	MtrunA17Chr3g0107101	""	""	0	0	0	0	0	9.61597462884991
medtr.A17.gnm5.ann1_6.MtrunA17Chr3g0108941	MtrunA17Chr3g0108941	""	""	-1.07333939700368	-3.390775860289	-6.92121196515767	-8.3306580652395	0.0364999435041108	-1.9539902361175
medtr.A17.gnm5.ann1_6.MtrunA17Chr3g0109001	MtrunA17Chr3g0109001	""	""	-1.79001792513851	-4.62457508621488	-9.74993565939822	-6.95819311063644	0.120818635520509	-1.98190642009058
medtr.A17.gnm5.ann1_6.MtrunA17Chr3g0109011	MtrunA17Chr3g0109011	""	""	-1.82147240403317	-4.22035265204165	-9.20664086180967	-9.28308518989151	-0.265643832750516	-2.05129336536963
medtr.A17.gnm5.ann1_6.MtrunA17Chr3g0109021	MtrunA17Chr3g0109021	""	""	-1.23785821770305	-4.1019151443228	-7.9569671412565	-10.8243117215542	0.0642354265255655	-1.42488799214221
medtr.A17.gnm5.ann1_6.MtrunA17Chr3g0111181	MtrunA17Chr3g0111181	""	""	6.33555573287079	7.61499999748925	6.65697900014084	5.97833810520984	2.83249998748432	2.94399615299975
medtr.A17.gnm5.ann1_6.MtrunA17Chr3g0111191	MtrunA17Chr3g0111191	MtLegin6	Leginsulin 6	5.92782486866937	6.89438580063242	6.16107378297608	5.79483699091757	1.30507798707994	0.988351759672543
medtr.A17.gnm5.ann1_6.MtrunA17Chr3g0112251	MtrunA17Chr3g0112251	""	""	5.93556599012979	6.45019245443256	5.68317225498914	6.43988690694535	2.40885499605927	3.86726213194425
medtr.A17.gnm5.ann1_6.MtrunA17Chr3g0112871	MtrunA17Chr3g0112871	""	""	-1.09934250507884	-1.69172002917905	-1.23811103729747	-1.81371043828884	-4.39702096262642	-7.66551416327972
medtr.A17.gnm5.ann1_6.MtrunA17Chr3g0113091	MtrunA17Chr3g0113091	""	""	-1.92466125091185	-5.89216035291498	-7.92302951400002	-3.49056121272003	-0.260661688219207	-0.3080494328807
medtr.A17.gnm5.ann1_6.MtrunA17Chr3g0114151	MtrunA17Chr3g0114151	""	""	-1.12993661648321	-2.50212499540994	-1.91321337775374	-6.78760263047796	1.25780522670419	-6.78760263047796
medtr.A17.gnm5.ann1_6.MtrunA17Chr3g0114191	MtrunA17Chr3g0114191	""	""	-0.562655421545457	-3.17110873780334	-3.69375873382878	-7.45745129613999	-0.522018135636692	-2.42454929038851
medtr.A17.gnm5.ann1_6.MtrunA17Chr3g0115421	MtrunA17Chr3g0115421	""	""	-4.90881796003788	-6.40680146818939	-4.53876815038927	-5.26676606650802	1.00330557804275	1.13066114959624
medtr.A17.gnm5.ann1_6.MtrunA17Chr3g0121931	MtrunA17Chr3g0121931	""	""	3.2088659237192	6.59736834872581	6.06992114695357	6.45400378971759	5.06219583688852	6.51902316534626
medtr.A17.gnm5.ann1_6.MtrunA17Chr3g0125611	MtrunA17Chr3g0125611	""	""	3.53052627709855	6.5592827389029	7.66135275982152	5.97084168156526	5.08831535490777	5.8220929754405
medtr.A17.gnm5.ann1_6.MtrunA17Chr3g0131951	MtrunA17Chr3g0131951	MtSWEET13	sucrose transporter	0	0	0	0	6.51095501942199	8.41568456598087
medtr.A17.gnm5.ann1_6.MtrunA17Chr3g0136551	MtrunA17Chr3g0136551	""	""	-3.10417448222909	-7.22820762141743	-5.17596032533561	-3.25675604227089	-0.70001160508061	-0.899847171916023
medtr.A17.gnm5.ann1_6.MtrunA17Chr3g0136611	MtrunA17Chr3g0136611	""	""	0	0	4.31348938535572	1.98542650354564	3.26756412161356	7.6144647888763
medtr.A17.gnm5.ann1_6.MtrunA17Chr3g0137931	MtrunA17Chr3g0137931	MtPNP1	Plant Natriuretic Peptide	5.92255191821746	6.3184228858331	5.61979509879681	6.07226126530285	-0.289791671893771	0.122134234162081
medtr.A17.gnm5.ann1_6.MtrunA17Chr3g0141601	MtrunA17Chr3g0141601	""	""	-0.389813623208199	-0.407417363972918	-0.907987346812225	-0.632239811211223	-5.60980224690778	-6.08014232688578
medtr.A17.gnm5.ann1_6.MtrunA17Chr4g0008041	MtrunA17Chr4g0008041	""	""	-1.73606429001378	-1.18086087087442	-1.78500973690966	-2.2331703244222	-5.79968473344392	-8.20949003376944
medtr.A17.gnm5.ann1_6.MtrunA17Chr4g0009671	MtrunA17Chr4g0009671	""	""	-1.80367333588237	-2.12817586356387	-7.37856297576007	-5.39313647221443	1.50646845120832	0.452895113520257
medtr.A17.gnm5.ann1_6.MtrunA17Chr4g0011771	MtrunA17Chr4g0011771	""	""	7.52390265876944	6.68695771734351	7.68462358414137	8.22087803016506	0	8.40393218371582
medtr.A17.gnm5.ann1_6.MtrunA17Chr4g0012311	MtrunA17Chr4g0012311	MtNCR-new32	Nodule-specific Cysteine-Rich peptide	-2.38561634756295	-6.90551427518365	-1.88538933509024	-1.97491533855196	-1.67215798825089	-1.05488086900082
medtr.A17.gnm5.ann1_6.MtrunA17Chr4g0020871	MtrunA17Chr4g0020871	""	""	4.84590349856295	4.15040056846854	4.00471238968713	4.38260910528131	-1.00413140490582	-0.953121492068024
medtr.A17.gnm5.ann1_6.MtrunA17Chr4g0022911	MtrunA17Chr4g0022911	MtMYB014	Myeloblastosis (MYB) transcription factor 14	-3.90325013449571	-5.70201960729388	-7.10498241114109	-5.6877867684806	-0.243972697676641	-0.00538369830279455
medtr.A17.gnm5.ann1_6.MtrunA17Chr4g0023111	MtrunA17Chr4g0023111	""	""	-1.56155666778346	-2.44773710000931	-4.57337346190553	-7.44124877600341	-2.47440566528898	-1.77150895637962
medtr.A17.gnm5.ann1_6.MtrunA17Chr4g0027641	MtrunA17Chr4g0027641	""	""	0.558278675305805	-0.159147606251255	-1.06442826951317	-0.780356622601295	-6.55752116970536	-6.55752116970536
medtr.A17.gnm5.ann1_6.MtrunA17Chr4g0028511	MtrunA17Chr4g0028511	""	""	-3.70043745281073	-6.9093654291987	-4.85658213261461	-6.9093654291987	-1.76085890179122	-0.707635750872147
medtr.A17.gnm5.ann1_6.MtrunA17Chr4g0029841	MtrunA17Chr4g0029841	""	""	-0.81963833362775	-0.59481476902272	-0.613772181240232	-0.990883291721675	-4.37765064179315	-7.85866080850846
medtr.A17.gnm5.ann1_6.MtrunA17Chr4g0029981	MtrunA17Chr4g0029981	""	""	0.647947614908088	-0.295914300994774	-0.94913061178088	-0.366109951175088	-7.86116595056484	-4.52978530624443
medtr.A17.gnm5.ann1_6.MtrunA17Chr4g0030371	MtrunA17Chr4g0030371	""	""	5.199165261877	6.34626451054696	8.01555515223136	5.31030939084435	0	3.33156651938691
medtr.A17.gnm5.ann1_6.MtrunA17Chr4g0035331	MtrunA17Chr4g0035331	""	""	0.247552252818955	0.265057010702755	0.692659820268956	-0.137624082766576	-6.92578987058652	-5.21806091398793
medtr.A17.gnm5.ann1_6.MtrunA17Chr4g0037451	MtrunA17Chr4g0037451	""	""	-2.45314436480375	-6.58251769557034	-4.53027039948852	-3.27923743536321	-0.697465749142361	-0.0288567254131276
medtr.A17.gnm5.ann1_6.MtrunA17Chr4g0040551	MtrunA17Chr4g0040551	""	""	4.12767168433249	3.35942199247513	2.05278329658409	3.68582560931817	6.54745117989263	6.01010847903234
medtr.A17.gnm5.ann1_6.MtrunA17Chr4g0042851	MtrunA17Chr4g0042851	""	""	-3.4859491843854	-4.8311559406316	-8.57010322684175	-5.2671313483663	1.27440716482168	0.948316859932468
medtr.A17.gnm5.ann1_6.MtrunA17Chr4g0044681	MtrunA17Chr4g0044681	MtDNF2	does not fix nitrogen 2 (phosphatidylinositol phospholipase C-like)	0.395970097238573	0.509521516057555	0.540168926701784	0.665793749417317	0.174884017263299	-15.0621186881487
medtr.A17.gnm5.ann1_6.MtrunA17Chr4g0044851	MtrunA17Chr4g0044851	MtCYP707A107	Cytochrome P450 monooxygenase	-1.19127134319925	-4.01600804916411	-2.49729412906779	-7.37510868465913	-3.57184275150121	-4.0437100099441
medtr.A17.gnm5.ann1_6.MtrunA17Chr4g0044871	MtrunA17Chr4g0044871	""	""	-5.22244023171195	-5.55082275485747	-7.18171244532126	-5.83205037357227	-0.395830742877405	-0.675788972256675
medtr.A17.gnm5.ann1_6.MtrunA17Chr4g0044911	MtrunA17Chr4g0044911	""	""	-4.11768499506757	-4.51527521679549	-9.19841009912889	-4.42396699142419	-0.473869232125878	-0.942392907750515
medtr.A17.gnm5.ann1_6.MtrunA17Chr4g0047851	MtrunA17Chr4g0047851	""	""	-0.490818340998802	-2.04016856674137	-1.75304671810676	-1.97272896349265	-4.45182949401953	-8.01168263200111
medtr.A17.gnm5.ann1_6.MtrunA17Chr4g0050671	MtrunA17Chr4g0050671	""	""	-1.42757968047213	-2.00323749783947	-2.0328828242992	-2.53177863416064	-5.02328958006126	-8.29117081871205
medtr.A17.gnm5.ann1_6.MtrunA17Chr4g0054261	MtrunA17Chr4g0054261	""	""	0.514899927544996	0.00493730032700084	-0.0524599480659748	-1.32411049138283	-6.87233555833081	-8.53064433218227
medtr.A17.gnm5.ann1_6.MtrunA17Chr4g0054551	MtrunA17Chr4g0054551	""	""	-4.28846037056784	-4.49578827882675	-5.59309728977931	-8.48232731738502	-0.395101040409907	-0.810371501569319
medtr.A17.gnm5.ann1_6.MtrunA17Chr4g0054561	MtrunA17Chr4g0054561	""	""	-4.92094561298432	-5.65794985115326	-6.12714230652862	-10.6513521459876	-0.206976602664159	-0.710851318103446
medtr.A17.gnm5.ann1_6.MtrunA17Chr4g0055691	MtrunA17Chr4g0055691	""	""	-4.59680064774725	-6.09366153323647	-8.93635946909596	-5.63880925571349	-0.234366791168636	-1.13297112483276
medtr.A17.gnm5.ann1_6.MtrunA17Chr4g0055701	MtrunA17Chr4g0055701	""	""	-3.11251897988279	-8.1967299824733	-5.33007654066751	-3.75616917651905	-0.0243143352182399	-0.470525358330348
medtr.A17.gnm5.ann1_6.MtrunA17Chr4g0056601	MtrunA17Chr4g0056601	""	""	0	4.50008592593206	5.6805242433418	5.69489820057562	0	8.28190872458063
medtr.A17.gnm5.ann1_6.MtrunA17Chr4g0058101	MtrunA17Chr4g0058101	""	""	-3.70534444391509	-7.4229558064818	-4.49806764955632	-5.4769656034307	-2.1338407960579	-3.11938669268685
medtr.A17.gnm5.ann1_6.MtrunA17Chr4g0063721	MtrunA17Chr4g0063721	""	""	6.92609978455559	8.46478403548021	8.34384755062135	8.56323568199158	2.89912563551164	2.96281034886073
medtr.A17.gnm5.ann1_6.MtrunA17Chr4g0066581	MtrunA17Chr4g0066581	MtESL16_2|MtESL2.3	Sugar transporter ERD6-like|early-responsive to dehydration six-like	4.33682434794867	7.27920111021632	8.54522532617307	7.84381524010653	7.66989544847488	8.51672816161085
medtr.A17.gnm5.ann1_6.MtrunA17Chr4g0069861	MtrunA17Chr4g0069861	""	""	6.12413131643506	6.63980695101251	5.3874467954062	3.98502738771284	2.40885499605927	6.06112800951622
medtr.A17.gnm5.ann1_6.MtrunA17Chr4g0070241	MtrunA17Chr4g0070241	""	""	0.0434008645124201	-1.13519857511218	-0.656070145842454	-1.09832356382949	-6.79073538351609	-6.79073538351609
medtr.A17.gnm5.ann1_6.MtrunA17Chr4g0071111	MtrunA17Chr4g0071111	MtCKX2	cytokinin oxidase 2	-0.986766863152413	-3.41830374736465	-7.7058237267134	-4.40525720371165	-0.272023731022927	0.299609938006367
medtr.A17.gnm5.ann1_6.MtrunA17Chr5g0396181	MtrunA17Chr5g0396181	""	""	-3.64300805734059	-5.49480259057096	-4.6588577191175	-7.525671751656	1.07953588611791	0.245904000292257
medtr.A17.gnm5.ann1_6.MtrunA17Chr5g0396191	MtrunA17Chr5g0396191	""	""	-3.77021749162251	-5.32312348845385	-7.35399264953889	-7.35399264953889	0.288455637217999	-1.62317133640998
medtr.A17.gnm5.ann1_6.MtrunA17Chr5g0398071	MtrunA17Chr5g0398071	""	""	-4.75892659544079	-4.48569587715889	-6.18666636386357	-2.47072031339152	0.464614510858362	-1.10773081721656
medtr.A17.gnm5.ann1_6.MtrunA17Chr5g0398091	MtrunA17Chr5g0398091	""	""	-5.80634994101675	-5.2741016732762	-6.96012147522807	-2.75548711706902	0.0867426464855082	-1.36146596740866
medtr.A17.gnm5.ann1_6.MtrunA17Chr5g0399371	MtrunA17Chr5g0399371	""	""	3.20698793938224	7.15962067387726	6.62434513663323	4.44727356553307	2.89912563551164	2.46839088999173
medtr.A17.gnm5.ann1_6.MtrunA17Chr5g0401711	MtrunA17Chr5g0401711	MtPIP4	PAMP-induced Secreted Peptide	-1.87087361116826	-1.87087361116826	-1.87087361116826	-1.87087361116826	5.46134677650351	4.5377119293444
medtr.A17.gnm5.ann1_6.MtrunA17Chr5g0402471	MtrunA17Chr5g0402471	MtCEP5	C-terminally encoded peptide	-0.468541647747202	-3.16818783987667	-3.16818783987667	-3.16818783987667	5.85056412786463	5.54754579629766
medtr.A17.gnm5.ann1_6.MtrunA17Chr5g0402631	MtrunA17Chr5g0402631	MtNodGRP25	Nodule-specific Glycine-rich	-1.72721011289083	-1.87838664993379	-0.429438283154966	-0.765652556573503	-3.35194006486766	-7.84937947447723
medtr.A17.gnm5.ann1_6.MtrunA17Chr5g0405001	MtrunA17Chr5g0405001	MtCYP84A17	Cytochrome P450 monooxygenase	-0.290774381419239	-0.213083009658072	0.780628278667661	0.0229289442691537	-5.9186887552715	3.56779492245072
medtr.A17.gnm5.ann1_6.MtrunA17Chr5g0406281	MtrunA17Chr5g0406281	""	""	3.64404251843173	6.54776714662796	7.03176092215256	6.10557683927538	0.781268379192137	3.53974276568666
medtr.A17.gnm5.ann1_6.MtrunA17Chr5g0406671	MtrunA17Chr5g0406671	""	""	-2.30794548816262	-4.03561809538726	-4.52717335347806	-7.39398738601657	-2.33152301009121	-4.43081982228905
medtr.A17.gnm5.ann1_6.MtrunA17Chr5g0407731	MtrunA17Chr5g0407731	MtGAOL11	Gibberellin-oxidase like 11	-0.808771397609391	0.409014436876792	0.709420021702938	0.607967789450733	-7.28881953473478	-7.28881953473478
medtr.A17.gnm5.ann1_6.MtrunA17Chr5g0408431	MtrunA17Chr5g0408431	""	""	5.08575683543068	7.38846266174115	7.05860246818297	7.68175248866345	0	5.30446167913649
medtr.A17.gnm5.ann1_6.MtrunA17Chr5g0408701	MtrunA17Chr5g0408701	""	""	-1.37933248621605	-2.33941597488539	-1.65452957718224	-2.46618778633793	-6.24893465910924	-3.76331148159614
medtr.A17.gnm5.ann1_6.MtrunA17Chr5g0408911	MtrunA17Chr5g0408911	""	""	-1.2608944313364	-3.1667730267811	-3.1667730267811	-3.1667730267811	6.81650098445947	4.27036280558984
medtr.A17.gnm5.ann1_6.MtrunA17Chr5g0410321	MtrunA17Chr5g0410321	""	""	4.1257912278285	6.10948449209934	7.41855608924258	5.98902869600632	1.65830877385146	1.70790196563593
medtr.A17.gnm5.ann1_6.MtrunA17Chr5g0414771	MtrunA17Chr5g0414771	""	""	-0.588202861916188	-0.981316458034592	-0.948925811326969	-1.39792306369838	-5.25445447932024	-7.63679334212
medtr.A17.gnm5.ann1_6.MtrunA17Chr5g0420481	MtrunA17Chr5g0420481	""	""	-3.28182491632013	-4.75789469582198	-8.11626398645129	-4.81871377306882	-0.903675190653139	-0.454376052775206
medtr.A17.gnm5.ann1_6.MtrunA17Chr5g0424051	MtrunA17Chr5g0424051	""	""	-4.07907884261969	-3.00044404764008	-7.28800681900766	-5.30289442052821	0.909439724753192	1.3005135911416
medtr.A17.gnm5.ann1_6.MtrunA17Chr5g0425361	MtrunA17Chr5g0425361	""	""	5.658181287759	7.92012256530538	9.01911047001271	10.0063098630872	2.90347373378693	6.94615812094812
medtr.A17.gnm5.ann1_6.MtrunA17Chr5g0426311	MtrunA17Chr5g0426311	""	""	-6.634462461199	-6.634462461199	-3.76796959312649	-2.95462797839386	2.09696635113494	1.35832152438188
medtr.A17.gnm5.ann1_6.MtrunA17Chr5g0430811	MtrunA17Chr5g0430811	""	""	-1.78881395820081	-0.996963514132897	-1.01632786915805	-1.85461766461593	-5.78959855248348	-2.51727192881886
medtr.A17.gnm5.ann1_6.MtrunA17Chr5g0431571	MtrunA17Chr5g0431571	MtTPS10	terpene synthase 10	5.64843221999641	6.11660892077523	6.38020867606571	5.74511369952225	-1.87231770230701	3.91896644725261
medtr.A17.gnm5.ann1_6.MtrunA17Chr5g0437581	MtrunA17Chr5g0437581	""	""	-0.305908023012784	-0.874623390908726	-1.47425058532158	-1.08904540063512	-4.73766817549472	-8.00400932550451
medtr.A17.gnm5.ann1_6.MtrunA17Chr5g0440201	MtrunA17Chr5g0440201	""	""	-1.9641408142141	-4.17601410401973	-3.22274764053442	-1.93872648848134	-7.53490965608038	-5.8271806994818
medtr.A17.gnm5.ann1_6.MtrunA17Chr5g0442701	MtrunA17Chr5g0442701	""	""	6.52979433387307	6.06533371796961	7.5453225224804	7.9228460207921	2.48603663557044	5.92839479560703
medtr.A17.gnm5.ann1_6.MtrunA17Chr5g0446291	MtrunA17Chr5g0446291	""	""	-0.919064003885847	-2.55147412337895	-1.63733193954435	-1.53487092788638	-3.76129026246916	-8.1172983426331
medtr.A17.gnm5.ann1_6.MtrunA17Chr6g0450451	MtrunA17Chr6g0450451	""	""	-0.00748213387197952	0.466981189963445	0.266580617026028	0.294086354197063	-5.84073144956789	-7.03585820270614
medtr.A17.gnm5.ann1_6.MtrunA17Chr6g0450471	MtrunA17Chr6g0450471	""	""	0.513742798621461	0.8180194860515	0.617371721642827	0.35918901783489	-4.74291165471879	-7.64453205878145
medtr.A17.gnm5.ann1_6.MtrunA17Chr6g0450501	MtrunA17Chr6g0450501	""	""	-0.0705343080232434	0.878638301463372	1.17768636260451	0.934003984287944	-7.67120048874254	-7.67120048874254
medtr.A17.gnm5.ann1_6.MtrunA17Chr6g0451291	MtrunA17Chr6g0451291	""	""	-1.52456015614525	-0.221997584237565	-0.231446714309709	-1.47583909326101	-2.37095999956955	-7.7600856151258
medtr.A17.gnm5.ann1_6.MtrunA17Chr6g0452951	MtrunA17Chr6g0452951	""	""	0.12910889580307	-0.225051438631309	-0.471752687914096	-0.629942583111033	-6.15706766623346	-5.79919494562363
medtr.A17.gnm5.ann1_6.MtrunA17Chr6g0457101	MtrunA17Chr6g0457101	""	""	-1.98515448912356	-6.50844502985517	-6.50844502985517	-2.83190247571066	0.670187973237867	0.613543395407178
medtr.A17.gnm5.ann1_6.MtrunA17Chr6g0457901	MtrunA17Chr6g0457901	""	""	-0.115625001020555	-0.497799002572998	-2.01768041706362	-3.35014820775262	-7.10991316493046	-8.76822193878192
medtr.A17.gnm5.ann1_6.MtrunA17Chr6g0460901	MtrunA17Chr6g0460901	""	""	4.75533198759284	4.86767918015288	3.6789192925142	3.1817387781945	1.16310991702419	1.08410960757778
medtr.A17.gnm5.ann1_6.MtrunA17Chr6g0466831	MtrunA17Chr6g0466831	""	""	0.564212459903555	-0.434960561881508	-0.604786017856162	-6.98182709906963	2.09444696045568	2.30538031871125
medtr.A17.gnm5.ann1_6.MtrunA17Chr6g0468911	MtrunA17Chr6g0468911	""	""	0.191587226309243	-0.0549242813818452	-0.361833821985037	-0.394093479765948	-0.601613992954195	-8.30086610062739
medtr.A17.gnm5.ann1_6.MtrunA17Chr6g0472041	MtrunA17Chr6g0472041	""	""	0	0	6.13939534591018	0	4.48790407027404	9.7835982517328
medtr.A17.gnm5.ann1_6.MtrunA17Chr6g0476571	MtrunA17Chr6g0476571	MtNCR070	Nodule-specific Cysteine-Rich peptide	-1.13883931900319	-1.44992112498868	-1.51700759951722	-1.67145603000914	-4.56627733229179	-8.10854044119903
medtr.A17.gnm5.ann1_6.MtrunA17Chr6g0476951	MtrunA17Chr6g0476951	MtKunitz37	Kunitz-P Trypsin Inhibitor	5.83032802549059	7.28574223097789	7.12006122763331	6.45337548665476	-0.134390509099593	7.54490368242615
medtr.A17.gnm5.ann1_6.MtrunA17Chr6g0480921	MtrunA17Chr6g0480921	""	""	-1.99385878780589	-3.18018748681949	-4.04289906069603	-6.93460847809675	1.11014280671213	1.28615453467628
medtr.A17.gnm5.ann1_6.MtrunA17Chr6g0481661	MtrunA17Chr6g0481661	""	""	-0.0122666963696878	-0.605622300625242	-1.38884790479758	-1.84767275617935	-2.61297037070344	-7.76392148967134
medtr.A17.gnm5.ann1_6.MtrunA17Chr6g0484101	MtrunA17Chr6g0484101	""	""	-6.43185230273993	-6.43185230273993	-2.66560712145908	-2.46040072359339	-1.27759365462884	1.11296031913839
medtr.A17.gnm5.ann1_6.MtrunA17Chr6g0485311	MtrunA17Chr6g0485311	""	""	1.90594185400254	2.84339220144772	3.38456032583301	0	1.6589377235186	8.04311402126289
medtr.A17.gnm5.ann1_6.MtrunA17Chr6g0487981	MtrunA17Chr6g0487981	""	""	4.98610638215098	4.99100872165763	5.43236993236991	4.57459524795828	0.521951652699359	6.31125639870808
medtr.A17.gnm5.ann1_6.MtrunA17Chr7g0216291	MtrunA17Chr7g0216291	""	""	-0.12057612532448	0.444777586175253	0.500432305878434	0.399491089517158	-5.40541953913295	-4.48167787252465
medtr.A17.gnm5.ann1_6.MtrunA17Chr7g0218531	MtrunA17Chr7g0218531	""	""	-2.20739523615315	-1.38744400511742	-0.971314765515785	-1.51952898121589	-5.629811566363	-3.21195432177031
medtr.A17.gnm5.ann1_6.MtrunA17Chr7g0222871	MtrunA17Chr7g0222871	""	""	6.09471770541203	6.73414025737083	6.51231441387522	6.16572646518277	0.383629997804446	5.71533394060523
medtr.A17.gnm5.ann1_6.MtrunA17Chr7g0222901	MtrunA17Chr7g0222901	""	""	5.76289174545844	6.5031662521358	6.84946778437279	6.80036946829369	-0.889169954808085	5.00799776508998
medtr.A17.gnm5.ann1_6.MtrunA17Chr7g0224561	MtrunA17Chr7g0224561	MtCYP93B11	Cytochrome P450 monooxygenase	1.79013183494979	1.27799283608101	3.84149006065504	0.149995882174049	1.06677118690429	8.11056056466969
medtr.A17.gnm5.ann1_6.MtrunA17Chr7g0230311	MtrunA17Chr7g0230311	""	""	-0.115255177711356	-0.419796614270472	0.165322140445605	-0.0185556417521526	-0.128747409468865	-8.82002965140036
medtr.A17.gnm5.ann1_6.MtrunA17Chr7g0231221	MtrunA17Chr7g0231221	""	""	1.33644956552676	-1.87229226033533	3.00205016574982	-1.87229226033533	7.04072306667352	4.84758289195336
medtr.A17.gnm5.ann1_6.MtrunA17Chr7g0232571	MtrunA17Chr7g0232571	""	""	5.57652930581766	6.64093251114955	6.06720606849941	5.82295360256669	3.80446880351155	1.70753724595322
medtr.A17.gnm5.ann1_6.MtrunA17Chr7g0233201	MtrunA17Chr7g0233201	""	""	-4.84398546063618	-8.05181909009615	-3.98670872617931	-1.64516616748005	0.0141807064480064	0.00678896266533992
medtr.A17.gnm5.ann1_6.MtrunA17Chr7g0233211	MtrunA17Chr7g0233211	""	""	-5.42237420714253	-3.93970656302793	-4.4293720339198	-2.75191924793558	0.240010487380632	0.0190407909700604
medtr.A17.gnm5.ann1_6.MtrunA17Chr7g0233231	MtrunA17Chr7g0233231	""	""	-7.11523055214865	-4.98085911804014	-5.25633223801265	-4.40758750125812	0.0223148716890742	-0.126695140154068
medtr.A17.gnm5.ann1_6.MtrunA17Chr7g0241821	MtrunA17Chr7g0241821	""	""	-1.56250489652032	-6.95992247610859	-3.19622991379738	-2.72662929429733	-0.794127780950323	-2.03155773768668
medtr.A17.gnm5.ann1_6.MtrunA17Chr7g0244061	MtrunA17Chr7g0244061	""	""	-1.04658001335448	-1.79994075103604	-3.28389280543397	-7.0481051857646	1.54770522540338	1.10444775416036
medtr.A17.gnm5.ann1_6.MtrunA17Chr7g0245361	MtrunA17Chr7g0245361	""	""	-3.08116800032528	-6.63064145230367	-3.78878459654621	-3.88461632864722	0.867865023151837	0.942500251124426
medtr.A17.gnm5.ann1_6.MtrunA17Chr7g0245731	MtrunA17Chr7g0245731	""	""	0	0	4.71266610781527	0	1.6589377235186	8.07984531176753
medtr.A17.gnm5.ann1_6.MtrunA17Chr7g0245741	MtrunA17Chr7g0245741	MtVRC6	vestitone reductase cluster gene 6	0	0	2.05224729608182	0	0	9.89924461177953
medtr.A17.gnm5.ann1_6.MtrunA17Chr7g0250991	MtrunA17Chr7g0250991	""	""	5.91535978529664	5.81420408868389	4.17726024912212	4.20402109060755	-0.251239096101561	2.80264968964249
medtr.A17.gnm5.ann1_6.MtrunA17Chr7g0251281	MtrunA17Chr7g0251281	""	""	-1.28726578286854	-4.22364799226439	-5.88692714158729	-8.08166009841706	-0.27453212890039	-0.847503636573534
medtr.A17.gnm5.ann1_6.MtrunA17Chr7g0252361	MtrunA17Chr7g0252361	""	""	5.19843864152097	3.6921759482278	4.19791507107247	3.52902038522927	1.39094772727955	-0.164780456353792
medtr.A17.gnm5.ann1_6.MtrunA17Chr7g0252971	MtrunA17Chr7g0252971	""	""	4.75500775434031	5.76445717435935	4.7959165926635	4.55640657933675	-0.541163261391138	4.3468671505371
medtr.A17.gnm5.ann1_6.MtrunA17Chr7g0264401	MtrunA17Chr7g0264401	""	""	4.12585141132152	6.54838957245665	5.9967235741296	6.10347066621263	3.79513545174268	3.62419606223849
medtr.A17.gnm5.ann1_6.MtrunA17Chr7g0267101	MtrunA17Chr7g0267101	""	""	7.21322389491982	8.48911896936549	7.12191831294877	6.86976518391668	3.26387560931952	3.33067340607521
medtr.A17.gnm5.ann1_6.MtrunA17Chr7g0270521	MtrunA17Chr7g0270521	""	""	-0.969195105463721	-3.07380851407477	-1.8892452628307	-2.64170371891021	-3.5653477301706	-7.57288252220537
medtr.A17.gnm5.ann1_6.MtrunA17Chr7g0272791	MtrunA17Chr7g0272791	""	""	1.9058785954447	2.03086916108504	4.31246997288341	3.68190945348477	2.90006409813559	7.66358156530734
medtr.A17.gnm5.ann1_6.MtrunA17Chr7g0276301	MtrunA17Chr7g0276301	""	""	0	6.81100915306459	7.33569790471373	6.81146311757699	0	0
medtr.A17.gnm5.ann1_6.MtrunA17Chr8g0335621	MtrunA17Chr8g0335621	""	""	5.19185869879122	5.81044547347659	5.66066649918418	4.12956948457584	-3.49862541117986	-0.739510015031728
medtr.A17.gnm5.ann1_6.MtrunA17Chr8g0336711	MtrunA17Chr8g0336711	""	""	6.56683182898727	7.61113137661495	7.41653541284926	7.45247876044855	2.40980530032552	5.60268779067126
medtr.A17.gnm5.ann1_6.MtrunA17Chr8g0336721	MtrunA17Chr8g0336721	""	""	6.06736486822883	6.9623745787999	6.75791310588789	6.83578311635795	0	4.25808355823326
medtr.A17.gnm5.ann1_6.MtrunA17Chr8g0336921	MtrunA17Chr8g0336921	""	""	-3.69895111629562	-2.03552496587864	-7.28272627421201	-7.28272627421201	1.3838401912538	0.172961372665367
medtr.A17.gnm5.ann1_6.MtrunA17Chr8g0339051	MtrunA17Chr8g0339051	""	""	7.44247219715637	9.10838910574768	8.40401792908791	8.00290454936246	-3.54155351439567	2.97458991882757
medtr.A17.gnm5.ann1_6.MtrunA17Chr8g0339061	MtrunA17Chr8g0339061	""	""	6.74054395785355	8.53420474454333	7.81014191118237	7.28663807984026	-1.88623503403357	2.41605427974007
medtr.A17.gnm5.ann1_6.MtrunA17Chr8g0341741	MtrunA17Chr8g0341741	""	""	5.70289821475561	6.34411251830168	4.71868632290969	5.12265113206842	-0.876484178548067	0.0740209794373488
medtr.A17.gnm5.ann1_6.MtrunA17Chr8g0343631	MtrunA17Chr8g0343631	""	""	-3.69730757482081	-6.49852890279689	-4.76577125862985	-6.54450901450824	-0.218961642202046	0.778382929761582
medtr.A17.gnm5.ann1_6.MtrunA17Chr8g0349101	MtrunA17Chr8g0349101	""	""	1.09624302085257	0.985118661079559	1.04639789500717	0.776405524714947	-5.64831789280237	-4.92648824336532
medtr.A17.gnm5.ann1_6.MtrunA17Chr8g0350081	MtrunA17Chr8g0350081	""	""	3.12141403487321	4.0265626350903	5.77381537795571	6.65865497010734	-0.759257926466983	1.25181729999351
medtr.A17.gnm5.ann1_6.MtrunA17Chr8g0350091	MtrunA17Chr8g0350091	""	""	4.12937333076659	6.80915809493704	7.68009262856679	7.7730999136287	0	3.33123084784279
medtr.A17.gnm5.ann1_6.MtrunA17Chr8g0353061	MtrunA17Chr8g0353061	""	""	-1.14359569640572	0.0171515793697486	-0.50426605264615	-1.05465963010458	-5.38905598557259	-4.78952983857055
medtr.A17.gnm5.ann1_6.MtrunA17Chr8g0354061	MtrunA17Chr8g0354061	""	""	1.90495146493969	0	0	0	7.86903231551519	7.09864660607183
medtr.A17.gnm5.ann1_6.MtrunA17Chr8g0356471	MtrunA17Chr8g0356471	""	""	6.52252103106942	7.85889437328629	6.13320868803576	5.30596131588984	1.6589377235186	3.86760877786412
medtr.A17.gnm5.ann1_6.MtrunA17Chr8g0358161	MtrunA17Chr8g0358161	""	""	-0.500706302090954	-1.07643056923491	-0.0735067857580166	-0.550383336496482	-3.43523435376498	-8.20086600582766
medtr.A17.gnm5.ann1_6.MtrunA17Chr8g0362111	MtrunA17Chr8g0362111	""	""	-0.359565229158447	-1.91922502122028	-1.58928307840523	-1.71923007385641	-5.42481623714018	-4.53219804748759
medtr.A17.gnm5.ann1_6.MtrunA17Chr8g0362171	MtrunA17Chr8g0362171	""	""	-0.412077695509455	-1.25800673480677	-2.34832984328611	-1.7802726933918	-5.14921135479606	-8.41709259344685
medtr.A17.gnm5.ann1_6.MtrunA17Chr8g0362611	MtrunA17Chr8g0362611	""	""	6.82746383109588	7.47550498238145	7.00030836525279	7.68257577391439	1.03115603147992	3.91879762992429
medtr.A17.gnm5.ann1_6.MtrunA17Chr8g0365181	MtrunA17Chr8g0365181	""	""	0.149012411239465	0.851336666781634	0.795506918503975	0.398082914214278	-7.49201247956789	-4.16059577425763
medtr.A17.gnm5.ann1_6.MtrunA17Chr8g0370591	MtrunA17Chr8g0370591	""	""	3.58455134360982	4.84847965279177	5.68331222327453	4.7937229629231	2.89695614039257	7.9028086341595
medtr.A17.gnm5.ann1_6.MtrunA17Chr8g0373961	MtrunA17Chr8g0373961	""	""	1.90495146493969	6.29206674841394	8.06892905844913	7.19332627612399	3.55224640564222	4.25770919530658
medtr.A17.gnm5.ann1_6.MtrunA17Chr8g0376811	MtrunA17Chr8g0376811	""	""	1.41287195879864	1.02435453329391	0.353451815491403	0.67048967781094	-6.07208701956135	-1.6530071869587
medtr.A17.gnm5.ann1_6.MtrunA17Chr8g0376891	MtrunA17Chr8g0376891	""	""	-1.58408915020118	-3.37335077756011	-7.31520926072065	-8.24655202887676	0.0898654887630686	-1.18954705492013
medtr.A17.gnm5.ann1_6.MtrunA17Chr8g0379931	MtrunA17Chr8g0379931	""	""	5.99756631635678	6.35666260366511	5.25564440217209	5.41250977885168	0.252055413986193	2.61280264277819
medtr.A17.gnm5.ann1_6.MtrunA17Chr8g0380301	MtrunA17Chr8g0380301	""	""	-0.862598049517047	-1.54301227410955	-2.14364951832791	-6.6698315528375	0.0510477317865641	-0.87919374576455
medtr.A17.gnm5.ann1_6.MtrunA17Chr8g0386141	MtrunA17Chr8g0386141	""	""	-0.137670761616353	0.865101819123331	0.777403168542465	0.722198788764422	-8.1792621749027	-3.14680210045324
medtr.A17.gnm5.ann1_6.MtrunA17Chr8g0387001	MtrunA17Chr8g0387001	MtCYP86A93	Cytochrome P450 monooxygenase	-2.92622516427467	-3.70952015747699	-7.44882959263425	-5.46340308908861	-7.44882959263425	-5.74092762699832
medtr.A17.gnm5.ann1_6.MtrunA17Chr8g0391091	MtrunA17Chr8g0391091	""	""	4.68483333010582	5.89942862031726	6.71022934519568	6.66936409444283	4.49628219029284	5.38595125528302
